a,b,bits,window,sum
-2032246412,1773983162,32,4,-276154834
-384820378,-207954583,32,4,-592779057
-814607433,749481607,32,4,-350342850
-314232255,-143524998,32,4,-726258245
-1519759311,-505283973,32,4,-2041886036
685541201,2000658750,32,4,-1626658673
861309355,-2073627082,32,4,-1212383279
-456874111,-1559214501,32,4,-2016088612
702145632,-767747677,32,4,-83428093
152921949,1506652417,32,4,1390024798
808149202,446518566,32,4,1253619192
-1375204763,1464936929,32,4,-178707642
1049312688,1455146174,32,4,-2076774034
57519288,1687466999,32,4,1743871919
-93265058,-193706492,32,4,-287037102
451356388,2075895708,32,4,-2053976720
-142505360,1978085712,32,4,1818803136
-367398431,542583330,32,4,174070531
286580791,-240887148,32,4,45628107
89609114,1929708597,32,4,2019317711
-1728530311,-2046225252,32,4,519162885
756153651,146568618,32,4,634217181
22371266,996006657,32,4,1017259715
1564274538,330159345,32,4,1624879963
-1423347572,595585530,32,4,-828876426
-1939380080,1777816731,32,4,-446776277
1491093829,-1249071604,32,4,225240897
-99918314,1140957187,32,4,1041038873
-1629781484,-1734243196,32,4,645664408
1370024589,1906206571,32,4,-1036631576
806881016,1096964118,32,4,1903844878
-210116077,-79545188,32,4,-289726801
1894981332,2018544524,32,4,-398223024
-486482495,-569420193,32,4,-1324408048
-171090453,648623655,32,4,459703042
-2147013927,-338170310,32,4,1809713155
-1372033592,2004078081,32,4,363539401
-1082795017,170449019,32,4,-1180851358
-1200980196,-137064676,32,4,-1354826200
1111124339,212547982,32,4,1322619633
1800630668,723051054,32,4,-2039786582
544785516,-742069805,32,4,-214127297
-1099268634,-1562983523,32,4,1346383987
-1345457091,2125097016,32,4,493313125
729021329,1096076028,32,4,1825027469
-1972424908,1088690126,32,4,-901564686
909448749,406908659,32,4,1316353040
-455991209,-1000869517,32,4,-1473703478
-1806829919,981492986,32,4,-825402725
757763058,-797966111,32,4,-40203309
-443233316,886030849,32,4,424906205
-790657636,487888151,32,4,-303883613
-1803274324,940484154,32,4,-863838762
293449426,-507444006,32,4,-230776148
-170241421,711657604,32,4,523590391
-795577235,1169032705,32,4,355629678
-2081358675,-1331610098,32,4,865151659
-415724308,1894411815,32,4,1460857347
-258306497,1269347118,32,4,993145181
91038271,1777365982,32,4,1851626765
-1538382292,1022747064,32,4,-801962028
-83344850,335829221,32,4,252484099
-380566430,-1333831213,32,4,-1715446475
-1970757909,-588431129,32,4,1449516738
1459318786,-788756904,32,4,652736090
-1028840120,29251867,32,4,-1017414061
1061673149,-2075305558,32,4,-1283186345
-1307336832,1212203872,32,4,-95202592
-182000086,513277178,32,4,62771732
-1866314721,-1928688002,32,4,499960461
1249907612,-748464601,32,4,501442995
1201892278,1171057606,32,4,-1938864516
-1186599954,-1376976625,32,4,1445129453
217843148,106628406,32,4,38210290
398600907,342753754,32,4,723528597
2071784595,-518433337,32,4,1552232794
1889886175,1800709341,32,4,-604376148
-641630725,-917864516,32,4,-1844712281
442912080,2026691547,32,4,-2111694805
-1521255625,1527495852,32,4,-262264877
-1333864185,-152302977,32,4,-1503997066
-787330366,1442889923,32,4,655493765
-559979319,-914097606,32,4,-1760403725
1022365048,-482583274,32,4,523000462
25593775,563426978,32,4,572243265
1134699656,-1536637330,32,4,-418714906
-653543926,-573422135,32,4,-1495401533
-1824742597,893503438,32,4,-931304711
1750512125,1039250807,32,4,-1790482844
-605448453,257241002,32,4,-633424491
-813812592,-1646224438,32,4,1549717338
-2008330228,-1182581385,32,4,835620211
-1360014808,-296875933,32,4,-1943151989
1835368531,705778902,32,4,-2022255575
-770158613,-2106037435,32,4,1417718304
-1441016612,880040235,32,4,-561041929
1862820091,343663527,32,4,1936933778
1392110403,1695279034,32,4,-1208696067
1557884893,1182281423,32,4,-1841066596
431044795,907319916,32,4,1338360343
-2119450868,382171255,32,4,-1755175053
-1730293553,398825000,32,4,-1349359897
91732527,-1858939707,32,4,-1767272732
-1036610587,1944878600,32,4,890372589
-457593157,89489063,32,4,-384951214
-386261653,2122542672,32,4,1451064251
96368222,-692495040,32,4,-613956706
64915116,1053674997,32,4,832258961
-2038572286,1961208044,32,4,-95259666
-1133705413,-1573978796,32,4,1586230415
-1924689265,-248788436,32,4,2120375467
-313159884,-420785534,32,4,-1020210762
474224034,115397993,32,4,304409099
747698332,1378478232,32,4,2126106660
-1559279818,-357280993,32,4,-1917609403
1550864408,-388195746,32,4,877455974
1005478865,-1677968738,32,4,-958751377
-535778090,944775643,32,4,408997281
27940267,135236910,32,4,162124489
977892036,1221654142,32,4,1914267698
232421896,103557233,32,4,66491001
1036327373,-2075675635,32,4,-1324560950
1267446549,552614404,32,4,1803283737
1365125507,-1586273449,32,4,-222196518
1119772600,1954637056,32,4,-1237338952
-1446251672,381202004,32,4,-1082945092
334915472,-1687608777,32,4,-1369470521
394698071,538884024,32,4,932463631
927430683,1681331598,32,4,-1686205031
-1672804665,-1042671456,32,4,1561665127
1991095900,-918129254,32,4,1071852518
181972076,-391223224,32,4,-495582044
-1272738791,-1915736843,32,4,838051854
311124770,-1512192802,32,4,-1218959376
-91067853,1711520319,32,4,1351947362
372512265,1161505528,32,4,1534013681
1004381168,2047756611,32,4,-1512313805
1481870233,-52699437,32,4,1143888236
-1143917619,-1175046416,32,4,1690790333
1227109695,-1775933804,32,4,-548824125
-1198413846,94791932,32,4,-1120464938
-697832063,2107932754,32,4,1124822483
-646493393,-2059856678,32,4,1587568633
510066373,1133174962,32,4,1373691511
-56743766,994375521,32,4,668081931
1064856270,2005292857,32,4,-1493257737
1099621706,2059165551,32,4,-1154075479
-1041277469,-471441780,32,4,-1530549393
2088979126,-1313729148,32,4,758472506
1655944178,1968142328,32,4,-671995158
-2010296792,903922178,32,4,-1123221462
1709186008,-274946618,32,4,1149022366
-1899881765,-678295600,32,4,1431572907
-23441810,300905274,32,4,259633560
676379330,-213596734,32,4,462716804
155159689,141583245,32,4,28307206
-1286445389,-1587892946,32,4,1420559313
1961814260,369019945,32,4,-1982028771
-418924303,-1009738939,32,4,-1428733130
-19219446,-1634718076,32,4,-1939154290
-1730468738,1805364272,32,4,-211369810
895862565,551200752,32,4,1430220309
1267183715,282345379,32,4,1532751622
1622138929,-2092521879,32,4,-471497062
-952045793,345587892,32,4,-606523453
-886049352,1159571566,32,4,3972374
-1484192951,855578568,32,4,-646440447
1139347365,2078231438,32,4,-1095218653
-2028620009,575420689,32,4,-1454251992
1098979480,1260945412,32,4,-1935042404
-149201866,2081375829,32,4,1662685835
853825942,-1659008625,32,4,-806235627
-447626768,1983734333,32,4,1536041773
-1752220411,-1618767523,32,4,637718098
-801196795,-185571109,32,4,-1003610672
1523439894,561646271,32,4,2067256261
1766919230,923428781,32,4,-1873058853
629580704,-1500589301,32,4,-888899925
-2035550647,-2025333330,32,4,232965095
328922601,-510195647,32,4,-199099094
-1402414185,501498092,32,4,-1186194573
-810968246,-810563860,32,4,-1907863258
1385558675,-247719943,32,4,1136724364
-1319209510,82484766,32,4,-1254620184
1322378478,899798274,32,4,1936898528
1517619101,-2146427745,32,4,-628813012
-1957269726,595802866,32,4,-1361471212
-1572095328,1260027851,32,4,-313185941
-208623767,-232681067,32,4,-441370370
-201545264,-1237554129,32,4,-1456994817
794807123,-2128662449,32,4,-1603339374
-1317509376,908857121,32,4,-409704927
-2070087081,-810172063,32,4,1128381368
-1671329154,364554986,32,4,-1592056744
-461208033,1880050383,32,4,1417789662
1930282725,-1589544879,32,4,340672054
-1659900912,-248565433,32,4,-1909580457
-754417495,-689741962,32,4,-1444159713
-1610187437,569821640,32,4,-1040435685
87558710,-533440560,32,4,-445886202
1016182618,-1942965508,32,4,-1195284154
-1845236494,-899710210,32,4,1548906208
-914162369,609643802,32,4,-304588215
-1933607462,1251050458,32,4,-968822620
214273445,91347273,32,4,20338414
820396470,-804225831,32,4,16170383
-107709685,1841776029,32,4,1448849560
692208914,1606814590,32,4,2013806720
381349335,704993416,32,4,817837407
1927639190,-659778497,32,4,1249969349
-1559704028,-914139873,32,4,1821053747
-2026977983,931347741,32,4,-1096682914
407628830,1077464315,32,4,1483974665
-753825317,1660972823,32,4,907143394
-1423695105,721694273,32,4,-970440656
-1472802712,1456517385,32,4,-33128095
-2144106978,-822899326,32,4,1311114128
1960082785,-161875576,32,4,1781360361
-1715645965,-1041149701,32,4,1521394158
-1048656266,1781397758,32,4,731627108
93411983,1875524658,32,4,1683719857
1789918047,454754393,32,4,1975188392
-1981203861,-1280543817,32,4,1015393554
-273749677,1716436179,32,4,1173132582
-1897009863,-1155692319,32,4,972711194
-455591560,-1833856198,32,4,1988742306
-248741238,-186384884,32,4,-451972986
-381403301,1821655119,32,4,1171816346
344722118,-437205226,32,4,-109264420
1558542208,155281865,32,4,1428607049
-1888618474,-1788459750,32,4,348339488
-1801419304,20760045,32,4,-1780725067
210437564,-25793832,32,4,-84840572
-955679084,-1579751450,32,4,1759466874
-260787356,-459349725,32,4,-738028409
-351904671,1973175317,32,4,1351782518
-132858189,-2097621822,32,4,2047640181
1013277383,360686210,32,4,1104413769
-1236719652,1558305321,32,4,36368885
76609801,1416158714,32,4,1492698867
409662306,-928969945,32,4,-804520311
1483268148,459426344,32,4,1674193500
-211031131,-1325832876,32,4,-1554759431
-2023264307,851835243,32,4,-1188276184
1441298553,-762907826,32,4,661547959
-833672161,2005308957,32,4,902148652
915179451,-444356799,32,4,453979900
893257715,1030636508,32,4,1654409935
-1464346865,-738890076,32,4,2074883491
310993172,-742917144,32,4,-449815300
2078278370,-1785699801,32,4,7365641
1752078070,-710802474,32,4,1023449548
-1907461010,-959548724,32,4,1141696042
-1324992645,1162639734,32,4,-163405599
62225626,668572281,32,4,713950787
971797731,-33895350,32,4,651571245
1102818241,-1663190503,32,8,-577215014
1745516781,-1783117334,32,8,-37666345
1433104922,-1540329340,32,8,-107224418
599585831,-502810573,32,8,96709722
-824000186,-939512122,32,8,-1763512564
-995056606,-920491213,32,8,-1915613355
1121838839,-1570290037,32,8,-465294206
-1895480692,415128720,32,8,-1480352228
-728717904,-454543482,32,8,-1200038858
219343159,741070379,32,8,960348002
-1288892683,137147822,32,8,-1151745117
-1120291871,1504018614,32,8,383660951
-855052765,-154499711,32,8,-1009618012
13413080,903125044,32,8,899695116
2083052085,-271378906,32,8,1811673179
266935662,1717618145,32,8,1967776335
1957618598,-1788479618,32,8,152295972
1275918078,899715185,32,8,-2119399825
-1494233758,-1302622743,32,8,1481267787
1117582514,-1484442484,32,8,-383702978
-729463785,-1844710305,32,8,1720727670
-398780928,1314417156,32,8,915636228
1807448887,-1859704261,32,8,-52255374
1967891730,-181442075,32,8,1786384119
14584880,813972767,32,8,811780431
-2101621536,-1846001293,32,8,330501459
-172883701,1066921933,32,8,877261016
1627962238,1305077766,32,8,-1361992828
775221959,-1041799455,32,8,-283420504
2063263474,737141155,32,8,-1511405675
1230723463,-1492599652,32,8,-261941981
-1791418474,-273294286,32,8,-2064712760
435588180,534455758,32,8,953266466
214466459,1775348144,32,8,1972971595
-1518910482,1538995421,32,8,3307467
-590444067,-769726268,32,8,-1360236127
164612803,1279157981,32,8,1426927776
-1694416031,-637256048,32,8,1963295217
-1860714885,-1881540437,32,8,552646182
1367848168,514020333,32,8,1865025493
-908678143,1305454344,32,8,379933449
-1382335431,1324929227,32,8,-74249212
2000004681,1061253338,32,8,-1233775069
-1191799198,1407458270,32,8,198881600
-1979806091,-1919921690,32,8,378462043
1785316541,374203304,32,8,-2135513243
1218856314,-2113204685,32,8,-894348371
1709684337,1083131190,32,8,-1518928985
-683625186,140613062,32,8,-543077660
2014978594,-46883289,32,8,1968095305
149432361,522411285,32,8,655066430
-774324139,-1255758727,32,8,-2030148402
1134935142,-247035437,32,8,887833913
-1663029124,1583428219,32,8,-96378121
451965507,-1119977812,32,8,-684789521
1485052169,-1168885483,32,8,316166686
-1154266530,-1794970687,32,8,1345664287
-1998332989,1946270169,32,8,-52128612
1373467014,-1939912142,32,8,-583222344
2060647242,1347868115,32,8,-903294947
-1670186018,-719673483,32,8,1905042003
-1761620474,1197588825,32,8,-580874401
2021798013,561094768,32,8,-1712074515
1154658809,1008623518,32,8,-2131750761
1867920797,326525353,32,8,-2100521402
-704260939,-2067641353,32,8,1522999212
-810168493,888055094,32,8,61043849
182994183,248528540,32,8,414745507
2050783606,-50946492,32,8,1982994362
413756439,-372542513,32,8,24436710
1119733085,1866055044,32,8,-1309244703
706310864,-1861896846,32,8,-1155651774
-811362595,-1171903476,32,8,-1983266071
1673957236,2077415625,32,8,-560437443
-1588538571,-1922361990,32,8,784066735
-1644779644,1969623981,32,8,308066865
-44173364,-2137337075,32,8,2113391321
-258500514,2122175525,32,8,1846832259
-414774746,1007643879,32,8,592868877
-2077989417,1418118280,32,8,-659936929
2094222918,-1879319541,32,8,198060625
-1455436156,1522960275,32,8,50681111
546760089,-535548125,32,8,11146428
1197681506,-1502748106,32,8,-305132136
-1963880696,-1450332113,32,8,863911735
1252202378,762972662,32,8,1998397568
658358324,118011689,32,8,776304477
-620347622,961931927,32,8,341518769
-1180593672,-658218116,32,8,-1855589260
-226149732,952664007,32,8,709736803
364758656,958428368,32,8,1323121232
-238840547,79199859,32,8,-176483440
1659520314,-1688435973,32,8,-45693131
596263649,-1018939260,32,8,-422675867
737707524,481459065,32,8,1202323837
1174505199,2076930336,32,8,-1043532017
-73188406,862949506,32,8,772983628
-1240779849,463915366,32,8,-776864739
-1087805356,-690072641,32,8,-1794655469
1180191072,2055083979,32,8,-1059692501
-1565272776,-828248614,32,8,1884602898
1174085111,-589493227,32,8,567814412
1518115510,1558986073,32,8,-1234643185
-633455213,-206074382,32,8,-839529851
-368277075,1570382006,32,8,1202104675
-1268326575,1341221209,32,8,56051882
-722241842,663140672,32,8,-75944178
-988597672,156937110,32,8,-831660562
-1330751482,-752769846,32,8,-2083521328
838364753,1023980153,32,8,1845502154
-778252157,-350994935,32,8,-1129312628
912352309,-778834294,32,8,133452479
-18936821,-555223630,32,8,-591003203
-2118067704,1293152279,32,8,-824980961
-154335087,-338699839,32,8,-509812398
1286312742,-373309670,32,8,896160320
846794601,-1108279960,32,8,-278328111
-966425152,-991618343,32,8,-1974820967
1265544105,-930092512,32,8,335386057
202977670,-1417739968,32,8,-1214762298
-248064948,849402121,32,8,601271637
-1912928427,1333121960,32,8,-596583683
219055506,-1089012530,32,8,-870022816
-8156209,-1514901248,32,8,-1539834673
1641716744,860324962,32,8,-1809768342
1936646413,689776404,32,8,-1668610015
-1234703206,-891412323,32,8,-2142958537
450829304,-140632013,32,8,293419819
-515501021,-1652642485,32,8,2126823790
28986990,-1085345652,32,8,-1073201414
330400267,1575557558,32,8,1889180609
-1460033618,-648731838,32,8,-2125542672
1422592783,49390525,32,8,1455206092
958919455,1216749835,32,8,-2119363542
2017837977,-242760606,32,8,1775011835
-1837759065,-1723321132,32,8,733886843
-1398055547,1260769609,32,8,-137351474
-1229405881,-954780770,32,8,2110780645
890177328,1260996059,32,8,-2143794165
1634569045,-1648342099,32,8,-30550526
-38346269,-2068146143,32,8,-2123335420
-1645392278,1625528630,32,8,-36640864
1414466815,-1932435732,32,8,-534746389
2133759697,472349534,32,8,-1688923857
-511071549,1878717584,32,8,1350803027
-415051623,-1041538543,32,8,-1473432918
-1857554360,107853556,32,8,-1749766596
-1175637503,1107999097,32,8,-67638406
1671872542,-786591772,32,8,885214978
297294945,-294127722,32,8,-13675529
1164752677,1103104194,32,8,-2043887641
1830508159,164667829,32,8,1995175732
-908178789,444227918,32,8,-480728087
1250825195,698072839,32,8,1932120818
1779451077,-1501471971,32,8,277979106
1912543052,474577377,32,8,-1924624339
-1019734063,-407587613,32,8,-1427321932
-61198842,-367693049,32,8,-428891891
-1932769262,-310825138,32,8,2034595680
9352908,827883076,32,8,837170192
1459661847,-1866109604,32,8,-406513293
-1516421605,2113196057,32,8,579931700
397719218,637778751,32,8,1035432433
782832956,-1700254790,32,8,-934199050
-426336497,2109609167,32,8,1666495454
292619855,845072309,32,8,1137691908
-756468178,-875743939,32,8,-1648989333
-1402665968,-256115651,32,8,-1675624371
1410884261,-747393488,32,8,663425237
2043633264,-2072815234,32,8,-45959186
-1164803205,1660696098,32,8,479115677
564223656,1544262119,32,8,2108485519
180653971,1068080766,32,8,1231891729
1719094773,-1550630712,32,8,151686589
-503170949,-1364074209,32,8,-1867310694
1145751077,478235235,32,8,1623920776
531753816,-1596355168,32,8,-1081444104
1972401133,1372285606,32,8,-967058029
1756271279,1994782296,32,8,-560756729
1833486430,-1864549135,32,8,-47905713
-1165651506,-529206128,32,8,-1694923426
-2046543523,-313074321,32,8,1935283916
1759823432,-206347103,32,8,1536633577
-1390454603,1422686657,32,8,32231798
660824507,-608737774,32,8,35309517
-886326588,2027716065,32,8,1124546469
-1967136280,-832397378,32,8,1478590630
32497951,-1298009365,32,8,-1282354422
1899712043,-187696989,32,8,1695172302
35983602,-748326899,32,8,-712343297
-284827953,-1901304250,32,8,2108769301
-1535107567,-499667779,32,8,-2034775346
-1038423673,61849729,32,8,-976639736
-342985442,360873409,32,8,1110751
1356378870,1370988904,32,8,-1584442530
-631143569,55805955,32,8,-575403150
-1908109338,-1641468363,32,8,745389339
564733532,995496220,32,8,1560229752
-494847241,1920069383,32,8,1425156606
-1188458960,2096983691,32,8,891747515
1480411133,94974146,32,8,1575385023
1194122651,898984637,32,8,2093041496
745535896,-2057129219,32,8,-1311659115
600838210,-503244483,32,8,97593727
-1928907312,1924558190,32,8,-4349378
818130552,811816122,32,8,1613103666
-2051961644,323860521,32,8,-1728166659
2027242247,1493059880,32,8,-791442385
-240606860,950073077,32,8,692623209
1718079226,-1529533047,32,8,171768707
-1483277778,-766858455,32,8,2044765527
891042990,-894030034,32,8,-2987044
971516629,-41536847,32,8,913202310
1931415139,-2123086957,32,8,-191671818
1723163046,742157959,32,8,-1829646547
-583113431,413400072,32,8,-169778895
897269486,-2091155509,32,8,-1193886279
-1357079575,-930964772,32,8,2006857157
-517807639,-1825646612,32,8,1951447253
1707624398,-543339346,32,8,1147507580
-1778576932,-764711050,32,8,1734901842
-680067055,-1348468942,32,8,-2045313213
-1364165487,-1223964369,32,8,1706771904
612313304,-1099444809,32,8,-487131761
-487150268,-518683571,32,8,-1022676591
2104816326,-1707420400,32,8,397330390
-1933875790,1053930825,32,8,-896787717
-1231125918,1890768387,32,8,642799717
1051204192,-2016741588,32,8,-982380148
-1848858871,-484913754,32,8,1961129135
274054550,-411306717,32,8,-137317703
879750559,-514780317,32,8,364904450
-105791739,-2095609394,32,8,2093500627
312235485,-1539635084,32,8,-1227399855
1730200408,-1471533000,32,8,258667408
-280114712,78792023,32,8,-201388481
141405796,393636330,32,8,534976334
-1957269684,1207002676,32,8,-767044224
-525664353,-40611614,32,8,-583118975
-986200029,-986165131,32,8,-1972430696
-278274161,-1017242297,32,8,-1295516458
913989440,-259958157,32,8,654031283
592644081,1372770948,32,8,1948637557
1542121614,217351434,32,8,1742630296
-584352672,1934435424,32,8,1350082752
1704848038,-353969558,32,8,1334035472
540563678,-95699783,32,8,444798103
-1452349481,1011042298,32,8,-441372975
-2134568840,-188922897,32,8,1954698087
-240867927,1378461485,32,8,1137528022
662370581,-833010578,32,8,-170705533
-198785770,-287031660,32,8,-502660182
-932245622,-98814273,32,8,-1031060151
136124970,-637773321,32,8,-518425823
-826960969,553380178,32,8,-290423799
-249637482,839712295,32,8,590009277
1092087995,-911662542,32,16,180359917
-1651154750,-550719618,32,16,2093027392
1463964978,-523390200,32,16,940509242
919689947,955416248,32,16,1875106195
1008526784,-586902368,32,16,421558880
1248597526,-2088985739,32,16,-840388213
81552189,1990194886,32,16,2071681539
1301190178,365310664,32,16,1666500842
-167670256,2120434510,32,16,1952764254
-183478277,-1646708639,32,16,-1830186916
1212057888,-203478787,32,16,1008579101
-1789498042,875232412,32,16,-914331166
840753671,-65211350,32,16,775476785
1123956688,854038852,32,16,1977995540
1144976609,2018139731,32,16,-1131916492
-985393373,221641589,32,16,-763817320
1242751693,777439400,32,16,2020125557
1737512571,-1804466549,32,16,-66953978
-1108710450,-519859767,32,16,-1628570217
1456961960,865363195,32,16,-1972642141
2003667415,573490207,32,16,-1717875210
-1269613470,-948298411,32,16,2077055415
-1232754014,-646859930,32,16,-1879679480
-999080862,-839825435,32,16,-1838906297
1771813139,1431738621,32,16,-1091481072
-474573507,-483002012,32,16,-957641055
97169684,-1120776372,32,16,-1023672224
-1360932870,1432111637,32,16,71113231
464463984,-1757940047,32,16,-1293541599
28520250,681989878,32,16,710510128
1458798884,2078518903,32,16,-757715045
1634586301,1932339969,32,16,-728041026
-1814034101,-1968132724,32,16,512800471
997879920,1422410187,32,16,-1874677189
957042466,1235447287,32,16,-2102477543
2072434292,-2030376776,32,16,41991980
-509372141,821366032,32,16,311993891
-2145972307,-1823424262,32,16,325570727
1588362800,921113891,32,16,-1785490605
970155501,-1489900876,32,16,-519810911
-1300139688,-1822526644,32,16,1172300964
-1781960383,-1335488678,32,16,1177518235
-1502205597,-1538057989,32,16,1254703710
1590312425,1507680685,32,16,-1196974186
-1351428520,1324729996,32,16,-26764060
1425099954,-2057751794,32,16,-632651840
333515747,-127878240,32,16,205637507
-1783695430,-102207930,32,16,-1885968896
1141721776,1910847263,32,16,-1242398257
98712442,23093843,32,16,121806285
480681307,331480709,32,16,812096480
968747637,886102116,32,16,1854784217
-419405140,-1728423163,32,16,2147138993
-504313915,-306303856,32,16,-810617771
1534583863,505164272,32,16,2039682599
-717434638,340489534,32,16,-377010640
-1427252286,-1447635980,32,16,1420013494
-1929803297,1783135573,32,16,-146733260
-1178222031,-486755334,32,16,-1665042901
1840554601,-1694313943,32,16,146175122
336887128,-1309780617,32,16,-972893489
1404892518,331668873,32,16,1736495855
1951027684,497301292,32,16,-1846638320
1401263065,-430878879,32,16,970384186
-940539759,-1735879035,32,16,1618482966
-1830287470,-419578812,32,16,2045101014
-504229579,2140140829,32,16,1635845714
-1197386905,575472850,32,16,-621914055
-764332698,-1328549387,32,16,-2092947621
-1508450853,44231864,32,16,-1464284525
-491277451,-621692304,32,16,-1113035291
2074439408,336826834,32,16,-1883766590
1878605919,-1806669627,32,16,71936292
-1028151055,1380739451,32,16,352522860
-1854933997,-2008134269,32,16,431833494
1610409191,410299984,32,16,2020643639
2057774887,1098450410,32,16,-1138741999
614077066,-29262908,32,16,584814158
1159566293,-1057381468,32,16,102119289
2091037926,-1955068155,32,16,135969771
1375174391,994610483,32,16,-1925247958
1912839115,2041895593,32,16,-340298124
-1242818196,-1048294605,32,16,2003854495
569052428,-1539238584,32,16,-970186156
1871734053,1621428458,32,16,-801804785
-968082445,688080968,32,16,-280001477
-1366204559,773315701,32,16,-592954394
1604170406,-1539230840,32,16,64939566
1682672298,1715079003,32,16,-897215995
976725272,-287912526,32,16,688747210
-535521750,-849091489,32,16,-1384678775
-2049961103,1323266994,32,16,-726694109
399289507,-1734065168,32,16,-1334775661
215214284,-1985372516,32,16,-1770223768
-439435896,1612304314,32,16,1172802882
-1439860437,2124429868,32,16,684569431
-342449050,-709204918,32,16,-1051719504
-829633250,1254718701,32,16,425019915
-371889867,-1348117872,32,16,-1720007739
643915266,1172338541,32,16,1816253807
1115583976,-1509953520,32,16,-394435080
1576311425,-1251505594,32,16,324740295
169501189,-1607743734,32,16,-1438308081
-1923401112,2102063270,32,16,178596622
1657962550,-2102635001,32,16,-444672451
-370872005,442353851,32,16,71416310
-102112273,643914740,32,16,541736931
-1742017888,-2139446763,32,16,413437109
1045545267,-279558456,32,16,765921275
-179462437,-1512141566,32,16,-1691669539
1377477037,173183636,32,16,1550595137
-156016439,500385813,32,16,344369374
-857598465,1100991362,32,16,243392897
878231390,770587195,32,16,1648818585
-502406272,684441764,32,16,181969956
1192056676,389704427,32,16,1581761103
721936362,-871756259,32,16,-149819897
1744826042,-2030965191,32,16,-286204685
-2041886854,570016032,32,16,-1471936358
-1877589907,1456538499,32,16,-421051408
-570283095,185446848,32,16,-384836247
1840321889,413836743,32,16,-2040808664
1366624055,-545474900,32,16,821149155
339132501,-65561447,32,16,273505518
706542202,1034689317,32,16,1741165983
1803180709,-47153953,32,16,1756026756
1958671887,-2124623750,32,16,-166017399
1352333640,-230957833,32,16,1121310271
-1569940394,-541162157,32,16,-2111168087
-1337738917,-784734298,32,16,-2122538751
-2039383794,784672085,32,16,-1254711709
1391187381,-1760782790,32,16,-369660945
-540464632,1326933559,32,16,786468927
1370227394,-1259152613,32,16,111074781
-1785110266,63498338,32,16,-1721677464
-1320734465,1191839041,32,16,-128895424
-2081044988,-1476137491,32,16,737719281
114620136,1574089935,32,16,1688644535
1668032983,645717978,32,16,-1981281871
-947491511,-1295429182,32,16,2052046603
-698637110,284842969,32,16,-413859677
1648188187,-1727741488,32,16,-79618837
1077698364,1748436553,32,16,-1468832379
-1739464163,-1016494668,32,16,1538942929
-174455790,-1392852880,32,16,-1567308670
521365387,-1585285839,32,16,-1063920452
176526306,-886579593,32,16,-710118823
868051453,1889197899,32,16,-1537783480
46067792,-223299683,32,16,-177297427
923588210,-1230345410,32,16,-306822736
775984088,-1343013145,32,16,-567029057
-1988719083,-1875528493,32,16,430654184
-1767536537,-210440142,32,16,-1978042215
234288723,-2077408973,32,16,-1843185786
-915556458,-1457625108,32,16,1921720194
1806793203,994286721,32,16,-1493952908
1814607014,-1122351069,32,16,692255945
1601303408,-1087460490,32,16,513777382
-136910728,2018479452,32,16,1881503188
1540757370,1284224487,32,16,-1469985439
1117679316,-1177999774,32,16,-60320458
-1210786287,618071664,32,16,-592714623
-877074288,-1717381905,32,16,1700445567
1039541163,-1864241929,32,16,-824766302
-77684118,-1198727807,32,16,-1276477461
278833216,1822565961,32,16,2101399177
785432347,804473380,32,16,1589840191
-984820577,-1703490292,32,16,1606590891
-1903121938,-352514690,32,16,2039330668
-94918398,1799795565,32,16,1704811631
1403455149,478688034,32,16,1882143183
1699539652,560882306,32,16,-2034610874
26104149,-1932906743,32,16,-1906802594
-1272548722,-1901005279,32,16,1121347759
-1685881409,-324657418,32,16,-2010538827
111000157,157432498,32,16,268432655
-1595745011,1752258801,32,16,156448254
-1231209152,1280735515,32,16,49526363
-1317215670,-1854419420,32,16,1123266670
1690915249,-2080663396,32,16,-389748147
804462366,1009863908,32,16,1814326274
462814907,-827534748,32,16,-364785377
808033662,-49828056,32,16,758140070
1970829770,-1166133296,32,16,804696474
695992061,-1972550076,32,16,-1276623551
1268028264,-1457372068,32,16,-189343804
-187517259,1923731725,32,16,1736148930
-770983209,878757175,32,16,107708430
-1856252883,-1901853957,32,16,536860456
-526051940,197528703,32,16,-328523237
195228932,247538156,32,16,442701552
-2042639428,-2050367014,32,16,201895318
1759002402,1594502141,32,16,-941462753
-99482838,832836650,32,16,733353812
1618469881,923826266,32,16,-1752736685
-338377340,-741791853,32,16,-1080169193
-2122652451,19553506,32,16,-2103164481
1298261284,-1618134853,32,16,-319939105
1661487848,1943156743,32,16,-690322705
1782922609,-362225936,32,16,1420631137
1311147615,-1247784342,32,16,63363273
529439845,-759123402,32,16,-229749093
915397316,556758254,32,16,1472090034
-921006186,1425301801,32,16,504295615
961125416,443106609,32,16,1404232025
-1517369883,614922735,32,16,-902512684
57164049,-988732319,32,16,-931568270
-522305926,-835467101,32,16,-1357838563
-23234841,-1787268816,32,16,-1810503657
-1051997187,1512858163,32,16,460795440
1122854838,2117063044,32,16,-1055114950
2090858773,2041529601,32,16,-162644458
-2029183096,-974300776,32,16,1291483424
689538000,237650372,32,16,927188372
562095199,1425469123,32,16,1987498786
-1825679295,-1051194205,32,16,1418093796
1893897726,1212737171,32,16,-1188397935
-318465935,-1670533558,32,16,-1989065029
1580369560,-1070334590,32,16,509969434
-366599300,1788132111,32,16,1421532811
670050048,-1331435540,32,16,-661451028
1851011279,-1394108728,32,16,456902551
33056258,1027913679,32,16,1060904401
-472495876,-1542876107,32,16,-2015371983
-544225105,986218895,32,16,441928254
1022006649,138587635,32,16,1160528748
-1726933753,-2085825797,32,16,482207746
1493791397,30292582,32,16,1524083979
157819863,1139794518,32,16,1297548845
982460015,1872166328,32,16,-1440406489
-163542090,-2065175499,32,16,2066184171
-1785793467,-478144308,32,16,2030963985
630434225,1134019268,32,16,1764387957
-1699935689,615601629,32,16,-1084334060
1372438997,2061934519,32,16,-860659316
-176443163,149542599,32,16,-26966100
-73302561,1196758992,32,16,1123456431
1997180560,-339359714,32,16,1657755310
124117954,-1558863097,32,16,-1434810679
651865833,1359040062,32,16,2010905895
1324864347,-2048528858,32,16,-723730047
-2137552503,-932908481,32,16,1224440776
-909568141,-1749345868,32,16,1636053287
-971137611,-1825710796,32,16,1498053353
283448836,-774640519,32,16,-491257219
1765549580,1644767173,32,16,-884650543
-1749929626,1648827653,32,16,-101101973
-188785860,1249995121,32,16,1061209261
1879084056,1547092120,32,16,-868856656
1355462845,-1610694275,32,16,-255296966
1475843491,-1146210119,32,16,329633372
-429204149,1853049265,32,16,1423779580
70849961,-629085396,32,16,-558300971
2087438743,-1552210061,32,16,535228682
-1213982056,1845381428,32,16,631399372
-1599003295,1186446543,32,16,-412556752
-622742258,-1503677756,32,32,-2126420014
572483210,635599917,32,32,1208083127
-1935664896,-163717280,32,32,-2099382176
-947152895,1939740991,32,32,992588096
2055736088,-1560375805,32,32,495360283
1695499777,-1565628527,32,32,129871250
-272041452,2128447477,32,32,1856406025
816897711,422810317,32,32,1239708028
-1622708423,427091781,32,32,-1195616642
740229073,1718331606,32,32,-1836406617
170010897,-1379818487,32,32,-1209807590
-631080329,-1457528506,32,32,-2088608835
712692829,-1862392299,32,32,-1149699470
704992434,1227386281,32,32,1932378715
1723884586,-666050447,32,32,1057834139
-1563581922,-162531291,32,32,-1726113213
-656422719,1753244205,32,32,1096821486
-316673538,1245652253,32,32,928978715
394999805,-2047325536,32,32,-1652325731
-342981897,1246243008,32,32,903261111
680783101,2033521615,32,32,-1580662580
913647785,-257243778,32,32,656404007
-1948763859,828585673,32,32,-1120178186
-1691893892,721901721,32,32,-969992171
-1410862061,-1146342865,32,32,1737762370
1055680278,1832573987,32,32,-1406713031
2035761898,2078279712,32,32,-180925686
517993958,-1840496922,32,32,-1322502964
-590561583,-1037287125,32,32,-1627848708
-823487244,1108041740,32,32,284554496
1508242295,-965307544,32,32,542934751
1087445630,1332305667,32,32,-1875215999
-336072694,1979374923,32,32,1643302229
-277048993,1038457963,32,32,761408970
-252070447,-986371943,32,32,-1238442390
1666538011,-438123459,32,32,1228414552
-1955853281,-2030670974,32,32,308443041
-1625764486,1016554424,32,32,-609210062
-1944487655,485460701,32,32,-1459026954
700645353,-1633915040,32,32,-933269687
-2142814014,-1706681447,32,32,445471835
-2080940785,-1619793658,32,32,594232853
1018789383,671291917,32,32,1690081300
256080616,1858268642,32,32,2114349258
-1535690657,657652088,32,32,-878038569
1989035474,-1958512414,32,32,30523060
180702223,320238203,32,32,500940426
279021963,-1353510248,32,32,-1074488285
1624758856,-1691772498,32,32,-67013642
-429225258,-1498830763,32,32,-1928056021
1934242209,-1299656245,32,32,634585964
-89637618,-500135177,32,32,-589772795
1185263032,-930484678,32,32,254778354
866964501,-1030885506,32,32,-163921005
1306474602,1667292294,32,32,-1321200400
-1816637408,-1417555771,32,32,1060774117
1014664397,1746855824,32,32,-1533447075
67161624,-1922501535,32,32,-1855339911
1307010777,-860353998,32,32,446656779
434229514,41032196,32,32,475261710
-871991448,1973032860,32,32,1101041412
2062219504,-348200298,32,32,1714019206
713827228,768962894,32,32,1482790122
-2052407691,-1063261642,32,32,1179297963
1987312430,-50776529,32,32,1936535901
1434342165,9384955,32,32,1443727120
16867541,-1928493872,32,32,-1911626331
635527007,1342035539,32,32,1977562546
557249197,93302557,32,32,650551754
1933895665,2045903006,32,32,-315168625
-1177074494,214284381,32,32,-962790113
1055555698,-377350331,32,32,678205367
-647104127,167223154,32,32,-479880973
1323398320,-2110433493,32,32,-787035173
-1828540749,-648876649,32,32,1817549898
691676229,-455848933,32,32,235827296
-1014186170,1581394619,32,32,567208449
-862101408,-1914828786,32,32,1518037102
1521311666,-1741938605,32,32,-220626939
1213458605,-1907675887,32,32,-694217282
1654480341,-2083603691,32,32,-429123350
-1101195752,782684209,32,32,-318511543
504747193,1927149588,32,32,-1863070515
-360789313,-750016852,32,32,-1110806165
-1166162642,-2065977167,32,32,1062827487
-1571311599,-1715525020,32,32,1008130677
-659546737,-1547855900,32,32,2087564659
-1403016201,-382108201,32,32,-1785124402
1982201097,2024748667,32,32,-288017532
1982371338,-705233140,32,32,1277138198
-847334306,1256735288,32,32,409400982
284082640,-1108002692,32,32,-823920052
-1324268543,-1448927841,32,32,1521770912
-1275807422,1002204608,32,32,-273602814
158286804,-182885504,32,32,-24598700
1745236359,424314998,32,32,-2125415939
-1449893843,506259496,32,32,-943634347
141131134,-642322719,32,32,-501191585
-840774398,1906912437,32,32,1066138039
952844743,982489470,32,32,1935334213
1012432030,45101404,32,32,1057533434
1751676458,924306009,32,32,-1618984829
1829412787,1489852346,32,32,-975702163
-2127039124,376406516,32,32,-1750632608
956193004,789419491,32,32,1745612495
-1491102435,1603505993,32,32,112403558
1078277139,-2046512522,32,32,-968235383
-195994372,-1789817434,32,32,-1985811806
1535885791,1854740956,32,32,-904340549
1403062656,-982356697,32,32,420705959
-263777958,868674870,32,32,604896912
-1382112699,107657970,32,32,-1274454729
1522563659,-1495525853,32,32,27037806
-430954630,-363977523,32,32,-794932153
946757872,232963556,32,32,1179721428
247032057,-443266541,32,32,-196234484
81111032,-227577025,32,32,-146465993
254751577,-2061758218,32,32,-1807006641
-1886500959,-2078246660,32,32,330219677
354927986,-2005544933,32,32,-1650616947
-304547275,946649751,32,32,642102476
-688252047,-1006401356,32,32,-1694653403
-1970265732,194011902,32,32,-1776253830
726379942,567555322,32,32,1293935264
1955202795,1546036745,32,32,-793727756
-516426888,2035290275,32,32,1518863387
1122955447,-809428680,32,32,313526767
-267229896,1557945928,32,32,1290716032
-10358106,2017037597,32,32,2006679491
1917279763,-71457175,32,32,1845822588
998166292,1946073596,32,32,-1350727408
-1780925533,1767759257,32,32,-13166276
-831078288,1277820658,32,32,446742370
-1266642983,-1704058759,32,32,1324265554
1690262404,1329375033,32,32,-1275329859
-167431054,390458780,32,32,223027726
2035284152,-1672132356,32,32,363151796
565693058,1490600196,32,32,2056293254
-1115285319,1308354848,32,32,193069529
1333988834,1032460148,32,32,-1928518314
1260768645,-130144729,32,32,1130623916
-1712104855,-1878925490,32,32,703936951
-1974105030,-425166047,32,32,1895696219
1032128883,1300852219,32,32,-1961986194
1052141863,1624279471,32,32,-1618545962
-975559303,1692623577,32,32,717064274
-686352037,1269481243,32,32,583129206
1737941832,11502267,32,32,1749444099
1005362326,194214448,32,32,1199576774
1520626863,-1554687872,32,32,-34061009
423724531,171814767,32,32,595539298
-6973241,-737098159,32,32,-744071400
777146026,488568532,32,32,1265714558
-394251738,-1659930561,32,32,-2054182299
-428757178,736936143,32,32,308178965
-1774262508,-778655203,32,32,1742049585
580473614,-215574019,32,32,364899595
1667724485,1967486651,32,32,-659756160
1930158556,-243260733,32,32,1686897823
-1378492980,1431811902,32,32,53318922
1962294838,-1275326736,32,32,686968102
-688562040,-1203780211,32,32,-1892342251
-1926481278,1767185288,32,32,-159295990
2071429431,-1669638818,32,32,401790613
-2089274676,1253238075,32,32,-836036601
2126738412,2094371236,32,32,-73857648
-1657269522,-859547465,32,32,1778150309
1908506192,961059771,32,32,-1425401333
1095604953,1416246100,32,32,-1783116243
608209165,912892962,32,32,1521102127
-62773586,1939704254,32,32,1876930668
-627094839,-1262882357,32,32,-1889977196
-659550028,151880115,32,32,-507669913
1248136158,-1479868230,32,32,-231732072
-1258357231,1750800846,32,32,492443615
994642169,-82703388,32,32,911938781
-518972930,1579315871,32,32,1060342941
-1777395696,-2058604621,32,32,458966979
1170403731,-160957143,32,32,1009446588
-89407336,205797520,32,32,116390184
-804186926,1534414131,32,32,730227205
1212822330,691659901,32,32,1904482231
2125986035,1842865446,32,32,-326115815
-44445966,-1998495986,32,32,-2042941952
-2012653940,1143666888,32,32,-868987052
-416825184,-1842567515,32,32,2035574597
-1937469150,1772023086,32,32,-165446064
726419595,-569023492,32,32,157396103
-902251637,-607256637,32,32,-1509508274
1926529088,982408205,32,32,-1386030003
-718223562,-2122855243,32,32,1453888491
-1828509367,-1387237733,32,32,1079220196
-1248180234,397898269,32,32,-850281965
1524039106,-2086684575,32,32,-562645469
-1098371264,1743187686,32,32,644816422
-2045600203,-355876095,32,32,1893490998
283848197,-559368312,32,32,-275520115
899353402,1410544572,32,32,-1985069322
-888795283,-1476744786,32,32,1929427227
-1887738106,-702425218,32,32,1704803972
-897177177,-2141343349,32,32,1256446770
1088145681,514921138,32,32,1603066819
1888021910,1910878113,32,32,-496067273
1117436874,268979901,32,32,1386416775
-629268691,-1933087751,32,32,1732610854
164141449,-506703647,32,32,-342562198
1684256431,-783403736,32,32,900852695
1556756663,-239546866,32,32,1317209797
-1217092683,1679242821,32,32,462150138
-1722889128,-192543907,32,32,-1915433035
1555492008,246174002,32,32,1801666010
-1825222363,-1094774006,32,32,1374970927
-479161125,-1832745256,32,32,1983060915
-2016826229,1027807791,32,32,-989018438
1194366744,1519385131,32,32,-1581215421
306117080,1549312493,32,32,1855429573
-1604314031,-174024908,32,32,-1778338939
598545558,-1002522028,32,32,-403976470
1205797441,1642355807,32,32,-1446814048
1401988453,2007256820,32,32,-885722023
-1942683581,-1969213134,32,32,383070581
1383025705,637680054,32,32,2020705759
990154425,-1597249502,32,32,-607095077
167298374,-658083968,32,32,-490785594
1737338026,-1012599915,32,32,724738111
1685703348,94572410,32,32,1780275758
-866106982,344685720,32,32,-521421262
-2033452361,540919480,32,32,-1492532881
-567897780,-608792565,32,32,-1176690345
-1679501566,1999206078,32,32,319704512
-808302363,-31795040,32,32,-840097403
-1406909666,-820326623,32,32,2067731007
-346806878,-2139644311,32,32,1808516107
-1938990661,-645860389,32,32,1710116246
333810916,894309207,32,32,1228120123
1715274355,-800335467,32,32,914938888
1158460461,812529042,32,32,1970989503
-224049504,-1172318229,32,32,-1396367733
188448303,-1193140003,32,32,-1004691700
136805443,-921260477,32,32,-784455034
-1318357824,1896688378,32,32,578330554
850467091,984335024,32,32,1834802115
-1824087486,-1709070986,32,32,761808824
-1618005094,183883212,32,32,-1434121882
1821072300,-10263841,32,32,1810808459
504686777,1842202982,32,32,-1948077537
-1005157591,865649272,32,32,-139508319
-1007369950,-252605772,32,32,-1259975722
-540618162,1519216524,32,32,978598362
2112384749,-746474483,32,32,1365910266
-1561682836,1334998080,32,32,-226684756
262484467,-927321233,32,32,-664836766
520501194,-1553206588,32,32,-1032705394
-1981068588,1591925850,32,32,-389142738
1987735858,-581339996,32,32,1406395862
246497361,1906397652,32,32,-2142072283
