a,b,K,seed_call_idx,product_full,product_rounded
-113,8,1,0,-904,-904
-28,-108,1,1,3024,3024
-21,-59,1,2,1239,1240
-118,-32,1,3,3776,3776
44,98,1,4,4312,4312
-101,-8,1,5,808,808
15,33,1,6,495,496
-62,111,1,7,-6882,-6882
-4,-107,1,8,428,428
-55,-99,1,9,5445,5444
95,113,1,10,10735,10734
-28,52,1,11,-1456,-1456
-20,-42,1,12,840,840
46,100,1,13,4600,4600
50,-18,1,14,-900,-900
-81,-113,1,15,9153,9152
-113,-88,1,16,9944,9944
-66,-80,1,17,5280,5280
34,114,1,18,3876,3876
57,-23,1,19,-1311,-1312
5,26,1,20,130,130
-3,79,1,21,-237,-236
-126,-80,1,22,10080,10080
32,52,1,23,1664,1664
103,-91,1,24,-9373,-9374
15,-83,1,25,-1245,-1244
86,71,1,26,6106,6106
46,-82,1,27,-3772,-3772
29,-126,1,28,-3654,-3654
-26,82,1,29,-2132,-2132
-93,8,1,30,-744,-744
-93,-3,1,31,279,278
1,33,1,32,33,32
-3,-123,1,33,369,368
65,-15,1,34,-975,-974
10,-65,1,35,-650,-650
115,-57,1,36,-6555,-6556
92,-18,1,37,-1656,-1656
-9,-75,1,38,675,676
118,18,1,39,2124,2124
126,91,1,40,11466,11466
-92,34,1,41,-3128,-3128
97,-62,1,42,-6014,-6014
-51,71,1,43,-3621,-3622
-102,-76,1,44,7752,7752
-38,-42,1,45,1596,1596
-63,-78,1,46,4914,4914
-26,-81,1,47,2106,2106
-74,126,1,48,-9324,-9324
-107,55,1,49,-5885,-5884
111,-95,1,50,-10545,-10544
10,29,1,51,290,290
98,-12,1,52,-1176,-1176
-63,-29,1,53,1827,1828
-87,109,1,54,-9483,-9484
69,-124,1,55,-8556,-8556
60,-90,1,56,-5400,-5400
15,77,1,57,1155,1156
-74,59,1,58,-4366,-4366
-106,-21,1,59,2226,2226
-10,-83,1,60,830,830
51,-51,1,61,-2601,-2600
77,87,1,62,6699,6698
-67,-48,1,63,3216,3216
46,116,1,64,5336,5336
-53,-82,1,65,4346,4346
92,-48,1,66,-4416,-4416
12,34,1,67,408,408
-35,-102,1,68,3570,3570
-92,103,1,69,-9476,-9476
-57,-55,1,70,3135,3134
20,78,1,71,1560,1560
-32,109,1,72,-3488,-3488
-39,-10,1,73,390,390
111,-77,1,74,-8547,-8548
-128,16,1,75,-2048,-2048
114,-69,1,76,-7866,-7866
11,-56,1,77,-616,-616
103,119,1,78,12257,12258
-21,21,1,79,-441,-440
58,92,1,80,5336,5336
70,15,1,81,1050,1050
30,-46,1,82,-1380,-1380
-99,110,1,83,-10890,-10890
-1,86,1,84,-86,-86
86,-73,1,85,-6278,-6278
110,37,1,86,4070,4070
-49,-63,1,87,3087,3086
16,100,1,88,1600,1600
19,105,1,89,1995,1994
-120,63,1,90,-7560,-7560
58,9,1,91,522,522
28,-121,1,92,-3388,-3388
-69,50,1,93,-3450,-3450
22,-87,1,94,-1914,-1914
10,-115,1,95,-1150,-1150
-54,-81,1,96,4374,4374
-64,-80,1,97,5120,5120
-88,-52,1,98,4576,4576
78,106,1,99,8268,8268
33,85,1,100,2805,2806
-115,-91,1,101,10465,10464
67,117,1,102,7839,7838
-52,14,1,103,-728,-728
34,-91,1,104,-3094,-3094
115,75,1,105,8625,8626
27,-85,1,106,-2295,-2294
73,92,1,107,6716,6716
13,39,1,108,507,508
-54,-48,1,109,2592,2592
-54,16,1,110,-864,-864
-66,-47,1,111,3102,3102
56,-69,1,112,-3864,-3864
-110,-83,1,113,9130,9130
-67,94,1,114,-6298,-6298
-38,-2,1,115,76,76
55,-79,1,116,-4345,-4344
34,-21,1,117,-714,-714
85,45,1,118,3825,3824
71,107,1,119,7597,7596
60,-52,1,120,-3120,-3120
-10,53,1,121,-530,-530
-63,28,1,122,-1764,-1764
-58,4,1,123,-232,-232
-118,98,1,124,-11564,-11564
15,63,1,125,945,946
-48,-69,1,126,3312,3312
-13,25,1,127,-325,-324
-36,-11,1,128,396,396
56,46,1,129,2576,2576
91,-125,1,130,-11375,-11376
125,-101,1,131,-12625,-12624
71,93,1,132,6603,6604
70,-2,1,133,-140,-140
-74,69,1,134,-5106,-5106
100,24,1,135,2400,2400
-108,92,1,136,-9936,-9936
-70,41,1,137,-2870,-2870
81,-104,1,138,-8424,-8424
114,68,1,139,7752,7752
37,-78,1,140,-2886,-2886
31,52,1,141,1612,1612
46,46,1,142,2116,2116
114,33,1,143,3762,3762
-63,94,1,144,-5922,-5922
23,-10,1,145,-230,-230
25,86,1,146,2150,2150
21,28,1,147,588,588
32,-81,1,148,-2592,-2592
76,-76,1,149,-5776,-5776
-67,-109,1,150,7303,7304
-69,-75,1,151,5175,5174
-91,84,1,152,-7644,-7644
-123,61,1,153,-7503,-7504
7,47,1,154,329,328
115,9,1,155,1035,1036
-91,38,1,156,-3458,-3458
55,79,1,157,4345,4344
-82,-120,1,158,9840,9840
20,-102,1,159,-2040,-2040
-113,19,1,160,-2147,-2148
-68,123,1,161,-8364,-8364
106,-77,1,162,-8162,-8162
97,-50,1,163,-4850,-4850
-71,-96,1,164,6816,6816
7,-113,1,165,-791,-792
102,-96,1,166,-9792,-9792
-44,81,1,167,-3564,-3564
-16,-7,1,168,112,112
16,79,1,169,1264,1264
66,-31,1,170,-2046,-2046
-12,34,1,171,-408,-408
-14,79,1,172,-1106,-1106
-8,-58,1,173,464,464
-76,73,1,174,-5548,-5548
-69,-103,1,175,7107,7108
-59,-80,1,176,4720,4720
-51,32,1,177,-1632,-1632
107,-50,1,178,-5350,-5350
-50,101,1,179,-5050,-5050
-123,-58,1,180,7134,7134
69,-23,1,181,-1587,-1588
-21,-61,1,182,1281,1280
105,89,1,183,9345,9346
-42,122,1,184,-5124,-5124
-109,59,1,185,-6431,-6430
6,-63,1,186,-378,-378
-13,-53,1,187,689,690
-42,117,1,188,-4914,-4914
-64,-111,1,189,7104,7104
67,-87,1,190,-5829,-5830
-2,-16,1,191,32,32
-106,31,1,192,-3286,-3286
115,50,1,193,5750,5750
120,-32,1,194,-3840,-3840
-127,56,1,195,-7112,-7112
64,-20,1,196,-1280,-1280
3,1,1,197,3,4
76,-109,1,198,-8284,-8284
44,-72,1,199,-3168,-3168
-20,-52,1,200,1040,1040
-23,-38,1,201,874,874
-98,-86,1,202,8428,8428
21,-1,1,203,-21,-22
30,-48,1,204,-1440,-1440
-109,111,1,205,-12099,-12098
-91,-19,1,206,1729,1728
-84,17,1,207,-1428,-1428
-121,-95,1,208,11495,11496
-99,-78,1,209,7722,7722
-47,107,1,210,-5029,-5030
55,-27,1,211,-1485,-1486
26,6,1,212,156,156
-109,-127,1,213,13843,13842
-126,36,1,214,-4536,-4536
83,50,1,215,4150,4150
-109,-125,1,216,13625,13624
26,-80,1,217,-2080,-2080
124,61,1,218,7564,7564
-12,4,1,219,-48,-48
-34,-78,1,220,2652,2652
11,-105,1,221,-1155,-1154
-98,114,1,222,-11172,-11172
106,-75,1,223,-7950,-7950
-3,-121,1,224,363,362
53,-84,1,225,-4452,-4452
77,-14,1,226,-1078,-1078
74,-17,1,227,-1258,-1258
-58,-55,1,228,3190,3190
-55,-59,1,229,3245,3246
-5,-80,1,230,400,400
-86,-58,1,231,4988,4988
50,-16,1,232,-800,-800
83,35,1,233,2905,2904
-40,-66,1,234,2640,2640
116,101,1,235,11716,11716
-16,50,1,236,-800,-800
74,-33,1,237,-2442,-2442
-109,-32,1,238,3488,3488
69,-115,1,239,-7935,-7936
-33,67,1,240,-2211,-2210
-9,15,1,241,-135,-134
55,-5,1,242,-275,-276
-94,-59,1,243,5546,5546
-108,-94,1,244,10152,10152
86,23,1,245,1978,1978
83,-127,1,246,-10541,-10540
35,-18,1,247,-630,-630
61,-1,1,248,-61,-62
-13,54,1,249,-702,-702
-51,98,1,250,-4998,-4998
-122,126,1,251,-15372,-15372
-27,50,1,252,-1350,-1350
107,17,1,253,1819,1820
40,83,1,254,3320,3320
-58,-81,1,255,4698,4698
-55,107,2,256,-5885,-5888
56,126,2,257,7056,7056
-126,-1,2,258,126,128
-18,-23,2,259,414,412
88,-88,2,260,-7744,-7744
31,94,2,261,2914,2912
-90,-67,2,262,6030,6028
-104,-63,2,263,6552,6552
88,81,2,264,7128,7128
-54,112,2,265,-6048,-6048
-21,63,2,266,-1323,-1324
-24,-22,2,267,528,528
6,55,2,268,330,332
74,84,2,269,6216,6216
70,-21,2,270,-1470,-1472
-4,-27,2,271,108,108
80,52,2,272,4160,4160
14,-4,2,273,-56,-56
118,46,2,274,5428,5428
54,1,2,275,54,56
68,-18,2,276,-1224,-1224
35,-59,2,277,-2065,-2064
29,98,2,278,2842,2840
-128,19,2,279,-2432,-2432
-80,-52,2,280,4160,4160
-115,-92,2,281,10580,10580
20,38,2,282,760,760
-83,115,2,283,-9545,-9544
-16,40,2,284,-640,-640
-86,-98,2,285,8428,8428
-29,101,2,286,-2929,-2928
116,47,2,287,5452,5452
67,-76,2,288,-5092,-5092
-112,-77,2,289,8624,8624
-66,-94,2,290,6204,6204
-44,-89,2,291,3916,3916
-19,49,2,292,-931,-928
44,-89,2,293,-3916,-3916
-10,41,2,294,-410,-408
6,79,2,295,474,476
-63,-14,2,296,882,884
-127,-107,2,297,13589,13588
-67,-90,2,298,6030,6028
22,44,2,299,968,968
-122,-122,2,300,14884,14884
-37,48,2,301,-1776,-1776
37,-48,2,302,-1776,-1776
-102,110,2,303,-11220,-11220
-100,-124,2,304,12400,12400
121,-25,2,305,-3025,-3028
-62,-49,2,306,3038,3036
-79,46,2,307,-3634,-3632
-26,-16,2,308,416,416
-91,7,2,309,-637,-640
-66,-12,2,310,792,792
4,19,2,311,76,76
-64,84,2,312,-5376,-5376
123,-116,2,313,-14268,-14268
8,-61,2,314,-488,-488
40,11,2,315,440,440
123,113,2,316,13899,13900
106,8,2,317,848,848
-127,-82,2,318,10414,10412
69,-98,2,319,-6762,-6764
62,-123,2,320,-7626,-7624
-109,-120,2,321,13080,13080
30,-108,2,322,-3240,-3240
122,-9,2,323,-1098,-1100
-84,94,2,324,-7896,-7896
118,-6,2,325,-708,-708
29,113,2,326,3277,3280
-72,-16,2,327,1152,1152
-39,-37,2,328,1443,1444
-67,-109,2,329,7303,7304
-52,-47,2,330,2444,2444
66,98,2,331,6468,6468
119,-29,2,332,-3451,-3452
-45,-128,2,333,5760,5760
-44,69,2,334,-3036,-3036
75,85,2,335,6375,6376
5,114,2,336,570,572
-55,-94,2,337,5170,5168
80,-69,2,338,-5520,-5520
-64,-98,2,339,6272,6272
-109,-108,2,340,11772,11772
-39,-115,2,341,4485,4488
57,-43,2,342,-2451,-2452
33,101,2,343,3333,3332
112,79,2,344,8848,8848
58,88,2,345,5104,5104
-20,-118,2,346,2360,2360
82,38,2,347,3116,3116
-113,42,2,348,-4746,-4744
-51,103,2,349,-5253,-5252
67,-67,2,350,-4489,-4488
-96,-48,2,351,4608,4608
-118,30,2,352,-3540,-3540
-29,-76,2,353,2204,2204
-2,110,2,354,-220,-220
-113,43,2,355,-4859,-4856
-49,17,2,356,-833,-832
41,-110,2,357,-4510,-4512
-91,-101,2,358,9191,9192
92,50,2,359,4600,4600
-9,-15,2,360,135,132
37,25,2,361,925,924
-88,8,2,362,-704,-704
-91,-127,2,363,11557,11556
23,-69,2,364,-1587,-1584
105,-100,2,365,-10500,-10500
30,70,2,366,2100,2100
0,122,2,367,0,0
-39,66,2,368,-2574,-2572
30,108,2,369,3240,3240
-17,-127,2,370,2159,2156
68,-30,2,371,-2040,-2040
34,0,2,372,0,0
-70,-10,2,373,700,700
-44,-47,2,374,2068,2068
100,123,2,375,12300,12300
0,60,2,376,0,0
-48,84,2,377,-4032,-4032
54,-58,2,378,-3132,-3132
-20,-66,2,379,1320,1320
72,97,2,380,6984,6984
-78,-25,2,381,1950,1948
-106,99,2,382,-10494,-10496
39,-19,2,383,-741,-740
-62,-68,2,384,4216,4216
76,-69,2,385,-5244,-5244
92,64,2,386,5888,5888
23,-92,2,387,-2116,-2116
-47,22,2,388,-1034,-1032
-39,39,2,389,-1521,-1524
58,66,2,390,3828,3828
21,-94,2,391,-1974,-1972
-78,-38,2,392,2964,2964
-42,-109,2,393,4578,4580
110,48,2,394,5280,5280
-89,-47,2,395,4183,4184
65,-11,2,396,-715,-712
-10,-110,2,397,1100,1100
22,61,2,398,1342,1344
58,-23,2,399,-1334,-1332
-57,120,2,400,-6840,-6840
46,26,2,401,1196,1196
45,120,2,402,5400,5400
122,-72,2,403,-8784,-8784
-81,-30,2,404,2430,2432
-98,86,2,405,-8428,-8428
-91,-98,2,406,8918,8920
19,115,2,407,2185,2184
-29,1,2,408,-29,-28
88,-124,2,409,-10912,-10912
73,-46,2,410,-3358,-3360
47,-43,2,411,-2021,-2020
-61,15,2,412,-915,-912
-38,90,2,413,-3420,-3420
-90,111,2,414,-9990,-9992
-64,-21,2,415,1344,1344
40,-115,2,416,-4600,-4600
75,3,2,417,225,224
-62,64,2,418,-3968,-3968
-39,-100,2,419,3900,3900
-50,-44,2,420,2200,2200
-52,40,2,421,-2080,-2080
94,-86,2,422,-8084,-8084
-19,126,2,423,-2394,-2396
99,47,2,424,4653,4652
94,-60,2,425,-5640,-5640
11,25,2,426,275,272
-124,-51,2,427,6324,6324
-93,85,2,428,-7905,-7908
54,26,2,429,1404,1404
31,-72,2,430,-2232,-2232
40,100,2,431,4000,4000
8,-50,2,432,-400,-400
-52,-114,2,433,5928,5928
-37,-39,2,434,1443,1444
-89,-101,2,435,8989,8992
103,116,2,436,11948,11948
9,-103,2,437,-927,-928
101,82,2,438,8282,8284
29,37,2,439,1073,1072
57,126,2,440,7182,7180
-94,-11,2,441,1034,1032
43,46,2,442,1978,1976
118,80,2,443,9440,9440
-65,118,2,444,-7670,-7668
-19,-40,2,445,760,760
-39,-85,2,446,3315,3316
-52,78,2,447,-4056,-4056
-74,-35,2,448,2590,2588
46,-81,2,449,-3726,-3728
-31,112,2,450,-3472,-3472
31,116,2,451,3596,3596
-117,-78,2,452,9126,9128
93,87,2,453,8091,8092
-50,16,2,454,-800,-800
-4,112,2,455,-448,-448
67,44,2,456,2948,2948
72,99,2,457,7128,7128
-95,59,2,458,-5605,-5604
-4,-79,2,459,316,316
-105,-23,2,460,2415,2416
117,-62,2,461,-7254,-7252
-31,99,2,462,-3069,-3072
-98,-8,2,463,784,784
-124,-94,2,464,11656,11656
-108,-82,2,465,8856,8856
44,-12,2,466,-528,-528
55,42,2,467,2310,2312
-33,-52,2,468,1716,1716
42,-100,2,469,-4200,-4200
-25,101,2,470,-2525,-2524
15,83,2,471,1245,1244
62,17,2,472,1054,1056
-55,118,2,473,-6490,-6488
-117,-93,2,474,10881,10884
-63,117,2,475,-7371,-7368
-69,-52,2,476,3588,3588
-126,13,2,477,-1638,-1636
-30,66,2,478,-1980,-1980
-64,110,2,479,-7040,-7040
14,98,2,480,1372,1372
17,-21,2,481,-357,-356
27,-45,2,482,-1215,-1216
70,-114,2,483,-7980,-7980
-80,50,2,484,-4000,-4000
97,-54,2,485,-5238,-5236
53,-106,2,486,-5618,-5620
-105,126,2,487,-13230,-13228
110,-112,2,488,-12320,-12320
88,41,2,489,3608,3608
-36,67,2,490,-2412,-2412
5,71,2,491,355,356
-104,85,2,492,-8840,-8840
-73,-23,2,493,1679,1680
63,6,2,494,378,376
-32,-84,2,495,2688,2688
33,120,2,496,3960,3960
15,24,2,497,360,360
-126,-12,2,498,1512,1512
-43,-13,2,499,559,560
127,-36,2,500,-4572,-4572
68,-110,2,501,-7480,-7480
67,60,2,502,4020,4020
-27,18,2,503,-486,-484
102,121,2,504,12342,12340
-6,9,2,505,-54,-56
-90,81,2,506,-7290,-7288
-90,27,2,507,-2430,-2428
-101,-106,2,508,10706,10708
107,37,2,509,3959,3960
-103,-8,2,510,824,824
39,-59,2,511,-2301,-2300
-123,19,3,512,-2337,-2336
82,10,3,513,820,824
-97,-60,3,514,5820,5824
-7,-33,3,515,231,232
-43,-101,3,516,4343,4336
-25,29,3,517,-725,-720
-26,-38,3,518,988,992
-115,-13,3,519,1495,1496
-10,44,3,520,-440,-440
-47,60,3,521,-2820,-2824
-119,-103,3,522,12257,12256
-98,-21,3,523,2058,2056
-120,-4,3,524,480,480
44,19,3,525,836,840
77,106,3,526,8162,8160
32,48,3,527,1536,1536
-69,-65,3,528,4485,4488
65,20,3,529,1300,1296
16,24,3,530,384,384
-21,60,3,531,-1260,-1256
-33,16,3,532,-528,-528
-76,-118,3,533,8968,8968
-2,11,3,534,-22,-24
-43,5,3,535,-215,-216
121,-87,3,536,-10527,-10528
-17,70,3,537,-1190,-1192
-98,115,3,538,-11270,-11272
-49,-13,3,539,637,640
95,-124,3,540,-11780,-11784
102,-38,3,541,-3876,-3880
10,54,3,542,540,544
109,-28,3,543,-3052,-3048
-109,28,3,544,-3052,-3048
71,121,3,545,8591,8592
-95,-67,3,546,6365,6368
115,76,3,547,8740,8736
-30,5,3,548,-150,-152
20,-86,3,549,-1720,-1720
-77,115,3,550,-8855,-8848
62,114,3,551,7068,7064
-62,33,3,552,-2046,-2048
-6,-6,3,553,36,40
45,-37,3,554,-1665,-1664
71,93,3,555,6603,6608
-23,17,3,556,-391,-392
60,71,3,557,4260,4264
106,30,3,558,3180,3184
69,47,3,559,3243,3240
-94,59,3,560,-5546,-5544
83,116,3,561,9628,9624
62,68,3,562,4216,4216
-51,124,3,563,-6324,-6320
-94,70,3,564,-6580,-6584
86,-90,3,565,-7740,-7744
-123,53,3,566,-6519,-6520
79,61,3,567,4819,4824
1,-87,3,568,-87,-88
81,-81,3,569,-6561,-6560
-106,95,3,570,-10070,-10072
17,-44,3,571,-748,-752
56,17,3,572,952,952
79,61,3,573,4819,4824
39,-22,3,574,-858,-864
74,10,3,575,740,736
-78,-20,3,576,1560,1560
72,-90,3,577,-6480,-6480
-56,114,3,578,-6384,-6384
70,-44,3,579,-3080,-3080
80,62,3,580,4960,4960
6,-19,3,581,-114,-120
82,-72,3,582,-5904,-5904
12,-99,3,583,-1188,-1192
101,-27,3,584,-2727,-2720
88,-68,3,585,-5984,-5984
-48,20,3,586,-960,-960
-78,-9,3,587,702,696
127,-124,3,588,-15748,-15744
-17,-2,3,589,34,32
76,-81,3,590,-6156,-6160
88,102,3,591,8976,8976
18,30,3,592,540,536
102,-104,3,593,-10608,-10608
21,-61,3,594,-1281,-1280
11,44,3,595,484,488
-67,80,3,596,-5360,-5360
115,-43,3,597,-4945,-4944
28,-33,3,598,-924,-920
43,-20,3,599,-860,-856
15,107,3,600,1605,1600
-77,-44,3,601,3388,3384
-78,-106,3,602,8268,8272
106,28,3,603,2968,2968
32,-96,3,604,-3072,-3072
-95,-112,3,605,10640,10640
-15,123,3,606,-1845,-1840
126,8,3,607,1008,1008
17,15,3,608,255,256
-26,-80,3,609,2080,2080
-61,19,3,610,-1159,-1160
-73,121,3,611,-8833,-8832
117,-15,3,612,-1755,-1760
90,90,3,613,8100,8104
-23,-45,3,614,1035,1040
-41,29,3,615,-1189,-1184
12,-30,3,616,-360,-360
-13,6,3,617,-78,-72
111,104,3,618,11544,11544
103,-26,3,619,-2678,-2680
101,-123,3,620,-12423,-12424
15,-127,3,621,-1905,-1904
-54,-33,3,622,1782,1776
-1,-53,3,623,53,56
-3,64,3,624,-192,-192
-13,-34,3,625,442,448
-101,-61,3,626,6161,6160
-106,-94,3,627,9964,9960
-99,-95,3,628,9405,9408
89,116,3,629,10324,10328
-44,31,3,630,-1364,-1360
-87,-90,3,631,7830,7824
-110,115,3,632,-12650,-12648
111,52,3,633,5772,5768
62,-52,3,634,-3224,-3224
100,-127,3,635,-12700,-12696
-102,66,3,636,-6732,-6728
-19,22,3,637,-418,-416
7,-83,3,638,-581,-576
-122,86,3,639,-10492,-10496
89,3,3,640,267,272
-54,-90,3,641,4860,4864
-53,69,3,642,-3657,-3664
-49,72,3,643,-3528,-3528
11,-53,3,644,-583,-584
-75,66,3,645,-4950,-4944
25,57,3,646,1425,1424
83,-89,3,647,-7387,-7384
-89,-13,3,648,1157,1152
-73,56,3,649,-4088,-4088
100,101,3,650,10100,10104
-33,1,3,651,-33,-32
-40,-48,3,652,1920,1920
85,-35,3,653,-2975,-2976
0,28,3,654,0,0
-69,2,3,655,-138,-144
37,97,3,656,3589,3592
-116,-90,3,657,10440,10440
59,-56,3,658,-3304,-3304
-41,64,3,659,-2624,-2624
86,-127,3,660,-10922,-10928
-70,88,3,661,-6160,-6160
68,26,3,662,1768,1768
-59,32,3,663,-1888,-1888
110,-104,3,664,-11440,-11440
20,118,3,665,2360,2360
-85,69,3,666,-5865,-5864
67,116,3,667,7772,7768
-37,-44,3,668,1628,1624
124,119,3,669,14756,14760
-38,109,3,670,-4142,-4144
-95,64,3,671,-6080,-6080
-96,-16,3,672,1536,1536
103,1,3,673,103,104
-110,-89,3,674,9790,9792
108,46,3,675,4968,4968
25,14,3,676,350,352
93,-111,3,677,-10323,-10320
-108,23,3,678,-2484,-2488
-55,32,3,679,-1760,-1760
-86,-7,3,680,602,600
-106,101,3,681,-10706,-10712
88,-23,3,682,-2024,-2024
-87,-92,3,683,8004,8000
66,-122,3,684,-8052,-8056
67,11,3,685,737,736
89,-32,3,686,-2848,-2848
-55,-42,3,687,2310,2312
-18,28,3,688,-504,-504
63,-44,3,689,-2772,-2768
77,25,3,690,1925,1920
-71,-56,3,691,3976,3976
-6,-67,3,692,402,400
96,-11,3,693,-1056,-1056
-94,-86,3,694,8084,8088
123,-82,3,695,-10086,-10088
25,54,3,696,1350,1352
35,27,3,697,945,944
-48,82,3,698,-3936,-3936
121,92,3,699,11132,11136
56,91,3,700,5096,5096
-40,31,3,701,-1240,-1240
-104,-126,3,702,13104,13104
7,-90,3,703,-630,-624
90,-78,3,704,-7020,-7024
-71,-27,3,705,1917,1920
12,91,3,706,1092,1088
18,-13,3,707,-234,-232
121,-3,3,708,-363,-368
-8,-20,3,709,160,160
31,-42,3,710,-1302,-1296
15,58,3,711,870,872
32,10,3,712,320,320
114,-93,3,713,-10602,-10600
-46,72,3,714,-3312,-3312
89,-70,3,715,-6230,-6232
32,127,3,716,4064,4064
8,34,3,717,272,272
115,43,3,718,4945,4944
70,108,3,719,7560,7560
-96,-87,3,720,8352,8352
112,107,3,721,11984,11984
-4,-19,3,722,76,72
115,-36,3,723,-4140,-4144
-38,-26,3,724,988,984
26,92,3,725,2392,2392
-12,106,3,726,-1272,-1272
-9,-123,3,727,1107,1104
7,127,3,728,889,888
48,100,3,729,4800,4800
27,73,3,730,1971,1968
-40,-85,3,731,3400,3400
-19,-25,3,732,475,480
58,3,3,733,174,176
44,-7,3,734,-308,-312
-6,-92,3,735,552,552
116,76,3,736,8816,8816
-90,-94,3,737,8460,8456
30,-16,3,738,-480,-480
-103,-78,3,739,8034,8032
-95,61,3,740,-5795,-5792
-79,126,3,741,-9954,-9952
20,-76,3,742,-1520,-1520
83,20,3,743,1660,1656
-117,37,3,744,-4329,-4328
94,2,3,745,188,192
101,-46,3,746,-4646,-4648
-70,91,3,747,-6370,-6368
75,51,3,748,3825,3824
-85,-108,3,749,9180,9176
-47,58,3,750,-2726,-2728
-77,78,3,751,-6006,-6008
-43,60,3,752,-2580,-2584
29,51,3,753,1479,1480
-2,115,3,754,-230,-232
-68,61,3,755,-4148,-4152
-106,27,3,756,-2862,-2856
-110,55,3,757,-6050,-6048
-119,65,3,758,-7735,-7736
-18,119,3,759,-2142,-2144
-21,54,3,760,-1134,-1136
15,66,3,761,990,992
56,-127,3,762,-7112,-7112
81,-117,3,763,-9477,-9472
-10,21,3,764,-210,-208
-35,-104,3,765,3640,3640
1,99,3,766,99,96
-27,-93,3,767,2511,2512
14,-34,4,768,-476,-480
119,-97,4,769,-11543,-11552
-64,-22,4,770,1408,1408
-125,-23,4,771,2875,2880
92,105,4,772,9660,9648
105,79,4,773,8295,8304
18,12,4,774,216,208
-21,33,4,775,-693,-688
-82,-77,4,776,6314,6304
-127,-105,4,777,13335,13344
-122,-81,4,778,9882,9872
57,-45,4,779,-2565,-2560
14,-33,4,780,-462,-464
21,51,4,781,1071,1072
5,-91,4,782,-455,-448
55,68,4,783,3740,3728
70,44,4,784,3080,3088
38,48,4,785,1824,1824
-7,79,4,786,-553,-560
25,64,4,787,1600,1600
-86,84,4,788,-7224,-7232
-23,-67,4,789,1541,1536
-34,83,4,790,-2822,-2816
51,-73,4,791,-3723,-3728
109,83,4,792,9047,9056
-65,-8,4,793,520,512
-26,-128,4,794,3328,3328
5,-27,4,795,-135,-128
29,-78,4,796,-2262,-2272
51,-1,4,797,-51,-48
78,-79,4,798,-6162,-6160
46,66,4,799,3036,3040
-49,61,4,800,-2989,-2992
-125,-45,4,801,5625,5632
54,29,4,802,1566,1552
35,-52,4,803,-1820,-1824
44,-89,4,804,-3916,-3920
-123,60,4,805,-7380,-7376
16,108,4,806,1728,1728
-81,126,4,807,-10206,-10208
-37,89,4,808,-3293,-3296
-5,93,4,809,-465,-480
43,-7,4,810,-301,-304
-57,88,4,811,-5016,-5024
-103,-96,4,812,9888,9888
-82,86,4,813,-7052,-7040
-75,69,4,814,-5175,-5168
-18,104,4,815,-1872,-1872
41,-91,4,816,-3731,-3728
-112,-89,4,817,9968,9968
-78,-41,4,818,3198,3200
7,-114,4,819,-798,-800
75,75,4,820,5625,5632
97,-50,4,821,-4850,-4848
-110,123,4,822,-13530,-13536
18,16,4,823,288,288
-75,18,4,824,-1350,-1360
-59,87,4,825,-5133,-5136
-17,-15,4,826,255,256
-107,-47,4,827,5029,5040
16,112,4,828,1792,1792
-94,77,4,829,-7238,-7232
-7,29,4,830,-203,-192
54,-22,4,831,-1188,-1184
-81,84,4,832,-6804,-6800
64,81,4,833,5184,5184
66,-17,4,834,-1122,-1120
82,115,4,835,9430,9424
5,51,4,836,255,256
32,-24,4,837,-768,-768
72,-80,4,838,-5760,-5760
106,-111,4,839,-11766,-11760
-3,32,4,840,-96,-96
70,39,4,841,2730,2720
96,16,4,842,1536,1536
71,-8,4,843,-568,-576
121,72,4,844,8712,8720
-61,80,4,845,-4880,-4880
91,14,4,846,1274,1280
-43,37,4,847,-1591,-1584
-123,-72,4,848,8856,8848
-20,34,4,849,-680,-688
103,-74,4,850,-7622,-7632
16,-110,4,851,-1760,-1760
-124,6,4,852,-744,-736
114,-123,4,853,-14022,-14032
10,83,4,854,830,832
93,-52,4,855,-4836,-4832
98,-56,4,856,-5488,-5488
-93,-21,4,857,1953,1952
-85,46,4,858,-3910,-3904
104,-87,4,859,-9048,-9056
111,-12,4,860,-1332,-1344
6,-58,4,861,-348,-352
-89,9,4,862,-801,-800
-9,-119,4,863,1071,1072
25,94,4,864,2350,2352
2,39,4,865,78,80
6,80,4,866,480,480
-47,-70,4,867,3290,3296
-128,-70,4,868,8960,8960
8,-32,4,869,-256,-256
107,121,4,870,12947,12944
-13,-102,4,871,1326,1328
2,-93,4,872,-186,-176
-83,112,4,873,-9296,-9296
32,-66,4,874,-2112,-2112
-110,-79,4,875,8690,8688
-88,82,4,876,-7216,-7216
-38,126,4,877,-4788,-4800
-4,114,4,878,-456,-464
117,-25,4,879,-2925,-2928
-10,22,4,880,-220,-208
104,-29,4,881,-3016,-3024
120,117,4,882,14040,14048
-100,116,4,883,-11600,-11600
-27,-66,4,884,1782,1792
126,64,4,885,8064,8064
-45,65,4,886,-2925,-2928
-10,-56,4,887,560,560
36,80,4,888,2880,2880
47,-53,4,889,-2491,-2496
-11,-29,4,890,319,320
-86,-102,4,891,8772,8768
0,5,4,892,0,0
-24,57,4,893,-1368,-1376
-23,-119,4,894,2737,2736
-90,106,4,895,-9540,-9536
15,-34,4,896,-510,-512
-10,29,4,897,-290,-288
86,75,4,898,6450,6448
104,-10,4,899,-1040,-1040
24,-80,4,900,-1920,-1920
52,-40,4,901,-2080,-2080
-22,-10,4,902,220,208
104,-7,4,903,-728,-720
76,-8,4,904,-608,-608
88,-13,4,905,-1144,-1136
-43,65,4,906,-2795,-2800
-115,-115,4,907,13225,13216
-30,-115,4,908,3450,3440
9,113,4,909,1017,1024
112,94,4,910,10528,10528
120,-67,4,911,-8040,-8032
68,100,4,912,6800,6800
22,-43,4,913,-946,-944
-67,126,4,914,-8442,-8432
33,55,4,915,1815,1808
99,-84,4,916,-8316,-8320
22,123,4,917,2706,2704
-12,125,4,918,-1500,-1504
44,66,4,919,2904,2896
19,-78,4,920,-1482,-1488
-42,-84,4,921,3528,3520
8,19,4,922,152,160
-66,-61,4,923,4026,4032
20,-74,4,924,-1480,-1488
22,56,4,925,1232,1232
92,31,4,926,2852,2848
63,-53,4,927,-3339,-3344
-99,-63,4,928,6237,6240
-42,57,4,929,-2394,-2384
-104,-16,4,930,1664,1664
39,109,4,931,4251,4256
-120,45,4,932,-5400,-5392
-64,-86,4,933,5504,5504
37,0,4,934,0,0
99,-52,4,935,-5148,-5152
38,106,4,936,4028,4032
-5,76,4,937,-380,-384
-106,119,4,938,-12614,-12608
41,-68,4,939,-2788,-2784
-88,76,4,940,-6688,-6688
93,103,4,941,9579,9568
-51,65,4,942,-3315,-3312
-39,85,4,943,-3315,-3328
-86,45,4,944,-3870,-3872
-37,-47,4,945,1739,1744
77,123,4,946,9471,9456
-105,70,4,947,-7350,-7344
-50,112,4,948,-5600,-5600
54,40,4,949,2160,2160
-52,-71,4,950,3692,3696
-11,122,4,951,-1342,-1344
7,-16,4,952,-112,-112
16,23,4,953,368,368
-37,-19,4,954,703,704
-13,-58,4,955,754,752
86,-74,4,956,-6364,-6368
13,-44,4,957,-572,-576
51,-113,4,958,-5763,-5760
-99,-14,4,959,1386,1392
83,-55,4,960,-4565,-4576
79,-115,4,961,-9085,-9088
80,56,4,962,4480,4480
63,-37,4,963,-2331,-2336
-70,127,4,964,-8890,-8896
-12,60,4,965,-720,-720
33,-124,4,966,-4092,-4096
85,64,4,967,5440,5440
27,-55,4,968,-1485,-1472
36,-105,4,969,-3780,-3776
-83,-126,4,970,10458,10464
68,-128,4,971,-8704,-8704
26,-77,4,972,-2002,-2000
105,-25,4,973,-2625,-2624
0,-93,4,974,0,0
69,-21,4,975,-1449,-1440
68,30,4,976,2040,2048
103,-78,4,977,-8034,-8032
112,111,4,978,12432,12432
-79,37,4,979,-2923,-2928
61,-19,4,980,-1159,-1152
-48,118,4,981,-5664,-5664
-8,61,4,982,-488,-480
-101,62,4,983,-6262,-6256
-57,112,4,984,-6384,-6384
51,107,4,985,5457,5456
50,-124,4,986,-6200,-6208
-96,81,4,987,-7776,-7776
52,-123,4,988,-6396,-6400
70,110,4,989,7700,7696
101,33,4,990,3333,3328
-40,49,4,991,-1960,-1968
-74,-41,4,992,3034,3024
74,6,4,993,444,448
83,-114,4,994,-9462,-9456
-6,122,4,995,-732,-736
103,-37,4,996,-3811,-3808
-102,-116,4,997,11832,11824
-4,118,4,998,-472,-464
99,8,4,999,792,784
15,76,4,1000,1140,1136
57,-17,4,1001,-969,-960
92,-101,4,1002,-9292,-9296
-90,-64,4,1003,5760,5760
2,99,4,1004,198,192
-120,-93,4,1005,11160,11168
20,93,4,1006,1860,1856
-69,-78,4,1007,5382,5376
81,126,4,1008,10206,10208
-34,-64,4,1009,2176,2176
37,5,4,1010,185,192
59,94,4,1011,5546,5536
43,108,4,1012,4644,4640
-111,81,4,1013,-8991,-8992
66,107,4,1014,7062,7072
16,105,4,1015,1680,1680
-105,104,4,1016,-10920,-10928
-124,-34,4,1017,4216,4224
44,-4,4,1018,-176,-176
74,-110,4,1019,-8140,-8144
11,-50,4,1020,-550,-560
-84,-101,4,1021,8484,8480
52,98,4,1022,5096,5088
-100,-60,4,1023,6000,6000
-116,36,5,1024,-4176,-4192
65,117,5,1025,7605,7584
124,96,5,1026,11904,11904
-101,84,5,1027,-8484,-8512
-5,81,5,1028,-405,-416
29,85,5,1029,2465,2464
-51,54,5,1030,-2754,-2752
115,50,5,1031,5750,5760
-124,126,5,1032,-15624,-15616
-58,-115,5,1033,6670,6688
-20,-18,5,1034,360,352
-54,-60,5,1035,3240,3232
36,-112,5,1036,-4032,-4032
-44,35,5,1037,-1540,-1536
53,35,5,1038,1855,1856
-72,-46,5,1039,3312,3328
-126,-18,5,1040,2268,2272
-27,55,5,1041,-1485,-1504
-35,55,5,1042,-1925,-1920
-109,-122,5,1043,13298,13280
114,-124,5,1044,-14136,-14144
-64,37,5,1045,-2368,-2368
31,30,5,1046,930,928
39,116,5,1047,4524,4512
112,57,5,1048,6384,6368
-56,-54,5,1049,3024,3040
-35,120,5,1050,-4200,-4192
-80,9,5,1051,-720,-704
85,-28,5,1052,-2380,-2400
45,-110,5,1053,-4950,-4928
-69,-42,5,1054,2898,2912
-58,15,5,1055,-870,-864
74,30,5,1056,2220,2208
113,2,5,1057,226,224
-115,-75,5,1058,8625,8640
116,-16,5,1059,-1856,-1856
75,110,5,1060,8250,8256
-64,86,5,1061,-5504,-5504
-21,23,5,1062,-483,-480
-29,42,5,1063,-1218,-1216
17,53,5,1064,901,896
89,-19,5,1065,-1691,-1664
52,74,5,1066,3848,3840
-95,-36,5,1067,3420,3392
83,-21,5,1068,-1743,-1760
-67,-38,5,1069,2546,2560
106,-2,5,1070,-212,-192
-30,-52,5,1071,1560,1536
-99,0,5,1072,0,0
44,-76,5,1073,-3344,-3360
-73,35,5,1074,-2555,-2560
113,-74,5,1075,-8362,-8352
6,80,5,1076,480,480
-28,-8,5,1077,224,224
31,-89,5,1078,-2759,-2752
-97,87,5,1079,-8439,-8448
108,-23,5,1080,-2484,-2464
55,52,5,1081,2860,2848
84,75,5,1082,6300,6304
-101,100,5,1083,-10100,-10080
-49,115,5,1084,-5635,-5632
-26,-86,5,1085,2236,2240
27,30,5,1086,810,832
32,-76,5,1087,-2432,-2432
15,-114,5,1088,-1710,-1728
46,-74,5,1089,-3404,-3392
11,65,5,1090,715,704
74,-71,5,1091,-5254,-5248
-119,-69,5,1092,8211,8224
-113,57,5,1093,-6441,-6432
117,-94,5,1094,-10998,-10976
21,-38,5,1095,-798,-800
-44,-12,5,1096,528,544
25,-68,5,1097,-1700,-1728
48,-20,5,1098,-960,-960
-39,-1,5,1099,39,32
-121,123,5,1100,-14883,-14880
125,48,5,1101,6000,5984
95,-94,5,1102,-8930,-8928
109,-82,5,1103,-8938,-8928
-101,84,5,1104,-8484,-8480
-4,-79,5,1105,316,320
-112,107,5,1106,-11984,-12000
-84,-89,5,1107,7476,7456
-39,-17,5,1108,663,672
97,-4,5,1109,-388,-384
113,-48,5,1110,-5424,-5440
-10,108,5,1111,-1080,-1088
14,50,5,1112,700,704
51,30,5,1113,1530,1536
125,-7,5,1114,-875,-864
-114,124,5,1115,-14136,-14112
82,120,5,1116,9840,9824
-43,-44,5,1117,1892,1888
119,72,5,1118,8568,8576
64,35,5,1119,2240,2240
34,-45,5,1120,-1530,-1536
-40,57,5,1121,-2280,-2304
93,-3,5,1122,-279,-288
73,104,5,1123,7592,7584
1,127,5,1124,127,128
-74,110,5,1125,-8140,-8128
-57,122,5,1126,-6954,-6944
-71,124,5,1127,-8804,-8800
66,123,5,1128,8118,8128
69,-101,5,1129,-6969,-6976
43,57,5,1130,2451,2464
-22,-117,5,1131,2574,2560
-110,34,5,1132,-3740,-3744
10,8,5,1133,80,96
-92,-69,5,1134,6348,6336
-126,71,5,1135,-8946,-8960
-80,-58,5,1136,4640,4640
-33,11,5,1137,-363,-384
-126,22,5,1138,-2772,-2784
-119,31,5,1139,-3689,-3680
-107,-123,5,1140,13161,13184
-107,-73,5,1141,7811,7808
76,-115,5,1142,-8740,-8736
-54,-87,5,1143,4698,4704
33,24,5,1144,792,800
-105,-60,5,1145,6300,6304
-85,116,5,1146,-9860,-9856
-12,-46,5,1147,552,576
123,-44,5,1148,-5412,-5408
57,40,5,1149,2280,2272
126,84,5,1150,10584,10560
-33,-46,5,1151,1518,1504
-27,81,5,1152,-2187,-2176
17,80,5,1153,1360,1376
-52,80,5,1154,-4160,-4160
-9,-29,5,1155,261,288
-82,-115,5,1156,9430,9440
61,-115,5,1157,-7015,-7008
-3,-78,5,1158,234,256
70,100,5,1159,7000,7008
113,21,5,1160,2373,2368
36,-40,5,1161,-1440,-1440
-59,71,5,1162,-4189,-4192
29,-55,5,1163,-1595,-1600
-106,-12,5,1164,1272,1280
-95,-78,5,1165,7410,7424
-116,25,5,1166,-2900,-2912
-83,-13,5,1167,1079,1088
-30,-31,5,1168,930,928
-65,-126,5,1169,8190,8192
2,-8,5,1170,-16,-32
-31,53,5,1171,-1643,-1632
0,-57,5,1172,0,0
-45,-91,5,1173,4095,4096
124,-104,5,1174,-12896,-12896
23,112,5,1175,2576,2592
48,-44,5,1176,-2112,-2112
54,8,5,1177,432,416
34,73,5,1178,2482,2496
-88,-58,5,1179,5104,5120
88,86,5,1180,7568,7552
-10,-62,5,1181,620,608
54,-81,5,1182,-4374,-4384
41,77,5,1183,3157,3136
2,-82,5,1184,-164,-160
106,8,5,1185,848,832
79,20,5,1186,1580,1600
26,-111,5,1187,-2886,-2912
34,109,5,1188,3706,3712
-14,-94,5,1189,1316,1312
113,18,5,1190,2034,2048
-86,-68,5,1191,5848,5856
-4,-41,5,1192,164,160
79,33,5,1193,2607,2592
35,86,5,1194,3010,3008
-122,-35,5,1195,4270,4256
-70,-115,5,1196,8050,8064
-84,-21,5,1197,1764,1760
-1,-34,5,1198,34,32
-65,-98,5,1199,6370,6368
105,5,5,1200,525,512
-41,-121,5,1201,4961,4960
3,73,5,1202,219,224
3,-91,5,1203,-273,-288
66,-71,5,1204,-4686,-4672
51,74,5,1205,3774,3744
70,-91,5,1206,-6370,-6368
56,42,5,1207,2352,2368
99,-52,5,1208,-5148,-5152
20,-52,5,1209,-1040,-1024
55,-110,5,1210,-6050,-6048
-1,9,5,1211,-9,0
-116,46,5,1212,-5336,-5312
-79,-36,5,1213,2844,2848
21,78,5,1214,1638,1664
124,-91,5,1215,-11284,-11264
60,-92,5,1216,-5520,-5536
70,5,5,1217,350,352
106,66,5,1218,6996,7008
98,-36,5,1219,-3528,-3520
50,-17,5,1220,-850,-832
-119,-64,5,1221,7616,7616
-84,116,5,1222,-9744,-9760
-65,59,5,1223,-3835,-3840
23,-86,5,1224,-1978,-1984
-43,-31,5,1225,1333,1344
65,24,5,1226,1560,1536
-98,125,5,1227,-12250,-12256
-25,28,5,1228,-700,-704
62,-110,5,1229,-6820,-6848
-116,37,5,1230,-4292,-4288
7,97,5,1231,679,672
-3,-25,5,1232,75,96
41,71,5,1233,2911,2912
-67,86,5,1234,-5762,-5760
69,-123,5,1235,-8487,-8480
118,-86,5,1236,-10148,-10144
32,-68,5,1237,-2176,-2176
108,-45,5,1238,-4860,-4864
41,39,5,1239,1599,1600
49,93,5,1240,4557,4544
-47,2,5,1241,-94,-96
13,-81,5,1242,-1053,-1024
80,-52,5,1243,-4160,-4160
-22,-6,5,1244,132,128
5,-90,5,1245,-450,-448
19,-3,5,1246,-57,-32
81,86,5,1247,6966,6944
84,127,5,1248,10668,10688
111,1,5,1249,111,128
81,-52,5,1250,-4212,-4192
-44,-20,5,1251,880,896
-75,-44,5,1252,3300,3328
-74,-27,5,1253,1998,1984
-51,-79,5,1254,4029,4032
64,-121,5,1255,-7744,-7744
-103,118,5,1256,-12154,-12160
25,47,5,1257,1175,1184
-77,-116,5,1258,8932,8928
-116,-49,5,1259,5684,5664
65,-56,5,1260,-3640,-3648
121,9,5,1261,1089,1088
87,-107,5,1262,-9309,-9312
-125,-114,5,1263,14250,14272
80,66,5,1264,5280,5280
-48,67,5,1265,-3216,-3200
-115,124,5,1266,-14260,-14240
-28,-82,5,1267,2296,2272
95,34,5,1268,3230,3232
44,80,5,1269,3520,3520
-48,12,5,1270,-576,-576
-119,-43,5,1271,5117,5120
-5,108,5,1272,-540,-544
-66,-28,5,1273,1848,1856
58,121,5,1274,7018,7040
85,-6,5,1275,-510,-512
98,116,5,1276,11368,11392
-52,72,5,1277,-3744,-3744
-108,-103,5,1278,11124,11136
120,84,5,1279,10080,10080
57,-119,6,1280,-6783,-6784
-103,-34,6,1281,3502,3520
-40,-99,6,1282,3960,3968
67,-15,6,1283,-1005,-1024
-60,-27,6,1284,1620,1600
-53,-16,6,1285,848,896
124,1,6,1286,124,128
93,65,6,1287,6045,6016
-21,66,6,1288,-1386,-1344
-92,-39,6,1289,3588,3584
-49,28,6,1290,-1372,-1344
-84,117,6,1291,-9828,-9856
-108,109,6,1292,-11772,-11776
92,116,6,1293,10672,10688
-22,68,6,1294,-1496,-1536
68,-62,6,1295,-4216,-4160
-75,87,6,1296,-6525,-6528
-75,13,6,1297,-975,-960
64,-8,6,1298,-512,-512
114,100,6,1299,11400,11392
-35,67,6,1300,-2345,-2368
-94,119,6,1301,-11186,-11200
-78,76,6,1302,-5928,-5952
24,1,6,1303,24,0
75,127,6,1304,9525,9536
77,-72,6,1305,-5544,-5504
-41,28,6,1306,-1148,-1152
-77,-23,6,1307,1771,1792
-112,-39,6,1308,4368,4352
-97,56,6,1309,-5432,-5440
122,78,6,1310,9516,9472
-75,-8,6,1311,600,640
-31,78,6,1312,-2418,-2432
96,-102,6,1313,-9792,-9792
-66,125,6,1314,-8250,-8256
-45,-21,6,1315,945,896
-81,35,6,1316,-2835,-2880
-17,-104,6,1317,1768,1728
118,101,6,1318,11918,11904
69,89,6,1319,6141,6144
35,-78,6,1320,-2730,-2752
-22,-21,6,1321,462,448
-82,107,6,1322,-8774,-8768
-96,23,6,1323,-2208,-2240
65,5,6,1324,325,320
41,103,6,1325,4223,4224
45,-125,6,1326,-5625,-5632
95,107,6,1327,10165,10176
62,-108,6,1328,-6696,-6720
16,106,6,1329,1696,1728
23,-108,6,1330,-2484,-2496
-110,42,6,1331,-4620,-4608
-107,-31,6,1332,3317,3328
-10,76,6,1333,-760,-768
112,-23,6,1334,-2576,-2624
84,74,6,1335,6216,6208
-55,74,6,1336,-4070,-4096
119,110,6,1337,13090,13056
-86,-109,6,1338,9374,9344
-27,13,6,1339,-351,-384
-93,49,6,1340,-4557,-4544
46,93,6,1341,4278,4288
99,-41,6,1342,-4059,-4096
43,-123,6,1343,-5289,-5248
68,101,6,1344,6868,6848
-128,-83,6,1345,10624,10624
124,55,6,1346,6820,6784
111,-25,6,1347,-2775,-2752
-91,4,6,1348,-364,-320
-40,-22,6,1349,880,896
13,-2,6,1350,-26,0
67,-51,6,1351,-3417,-3456
88,-85,6,1352,-7480,-7424
-99,-126,6,1353,12474,12480
95,108,6,1354,10260,10304
-59,-66,6,1355,3894,3904
98,115,6,1356,11270,11264
102,-14,6,1357,-1428,-1408
-84,-75,6,1358,6300,6336
-128,-3,6,1359,384,384
38,-1,6,1360,-38,-64
-103,-106,6,1361,10918,10880
104,-94,6,1362,-9776,-9792
7,-63,6,1363,-441,-448
-59,-86,6,1364,5074,5120
-47,36,6,1365,-1692,-1664
-58,55,6,1366,-3190,-3200
34,16,6,1367,544,576
-92,101,6,1368,-9292,-9280
-50,25,6,1369,-1250,-1280
-5,-91,6,1370,455,448
47,-65,6,1371,-3055,-3008
-92,71,6,1372,-6532,-6528
31,89,6,1373,2759,2752
121,52,6,1374,6292,6272
89,-40,6,1375,-3560,-3584
112,88,6,1376,9856,9856
-16,72,6,1377,-1152,-1152
-70,19,6,1378,-1330,-1344
9,95,6,1379,855,832
99,-118,6,1380,-11682,-11712
-102,-87,6,1381,8874,8896
25,-127,6,1382,-3175,-3200
-50,-125,6,1383,6250,6272
72,-35,6,1384,-2520,-2496
5,-100,6,1385,-500,-448
-28,100,6,1386,-2800,-2816
-75,-49,6,1387,3675,3712
84,37,6,1388,3108,3072
124,96,6,1389,11904,11904
-112,21,6,1390,-2352,-2368
100,-119,6,1391,-11900,-11904
-77,-115,6,1392,8855,8832
103,-123,6,1393,-12669,-12672
55,-104,6,1394,-5720,-5696
-91,-120,6,1395,10920,10944
120,-72,6,1396,-8640,-8640
72,-37,6,1397,-2664,-2624
32,-19,6,1398,-608,-640
12,6,6,1399,72,64
-112,17,6,1400,-1904,-1920
42,97,6,1401,4074,4032
97,-106,6,1402,-10282,-10304
115,81,6,1403,9315,9280
35,-107,6,1404,-3745,-3776
50,9,6,1405,450,448
81,50,6,1406,4050,4032
104,8,6,1407,832,832
92,-85,6,1408,-7820,-7872
-58,-53,6,1409,3074,3072
75,-38,6,1410,-2850,-2880
-86,106,6,1411,-9116,-9088
45,-46,6,1412,-2070,-2048
-8,28,6,1413,-224,-256
57,-96,6,1414,-5472,-5504
-102,-55,6,1415,5610,5568
-44,-118,6,1416,5192,5184
-103,51,6,1417,-5253,-5248
-36,4,6,1418,-144,-192
121,-82,6,1419,-9922,-9920
-123,15,6,1420,-1845,-1856
95,-112,6,1421,-10640,-10624
-54,-24,6,1422,1296,1280
8,-123,6,1423,-984,-1024
24,8,6,1424,192,192
86,-24,6,1425,-2064,-2048
-25,-127,6,1426,3175,3200
35,-97,6,1427,-3395,-3392
67,102,6,1428,6834,6784
-63,-120,6,1429,7560,7552
30,98,6,1430,2940,2944
93,-13,6,1431,-1209,-1216
-13,0,6,1432,0,0
115,82,6,1433,9430,9408
-48,-64,6,1434,3072,3072
111,-85,6,1435,-9435,-9408
-78,-3,6,1436,234,192
-116,-29,6,1437,3364,3392
77,-73,6,1438,-5621,-5632
53,10,6,1439,530,576
-7,115,6,1440,-805,-832
-74,79,6,1441,-5846,-5824
-87,75,6,1442,-6525,-6528
94,-55,6,1443,-5170,-5184
-30,-87,6,1444,2610,2624
-27,-4,6,1445,108,128
106,-60,6,1446,-6360,-6336
27,62,6,1447,1674,1664
-83,-101,6,1448,8383,8384
-28,-120,6,1449,3360,3392
67,6,6,1450,402,384
8,100,6,1451,800,832
-55,-100,6,1452,5500,5504
65,92,6,1453,5980,5952
-73,35,6,1454,-2555,-2496
111,-124,6,1455,-13764,-13760
-37,17,6,1456,-629,-640
-93,36,6,1457,-3348,-3392
-88,-106,6,1458,9328,9344
-117,122,6,1459,-14274,-14272
-104,-57,6,1460,5928,5952
19,-31,6,1461,-589,-640
36,-68,6,1462,-2448,-2432
126,73,6,1463,9198,9216
-24,19,6,1464,-456,-448
-22,-59,6,1465,1298,1344
-34,122,6,1466,-4148,-4096
-95,-106,6,1467,10070,10048
-125,68,6,1468,-8500,-8448
5,-93,6,1469,-465,-448
-69,-30,6,1470,2070,2112
-3,10,6,1471,-30,0
-85,-59,6,1472,5015,4992
14,31,6,1473,434,448
-16,88,6,1474,-1408,-1408
-86,-74,6,1475,6364,6336
80,-62,6,1476,-4960,-4992
52,93,6,1477,4836,4800
101,-13,6,1478,-1313,-1344
78,30,6,1479,2340,2304
-7,-66,6,1480,462,448
13,34,6,1481,442,448
-12,-28,6,1482,336,320
47,82,6,1483,3854,3840
-51,-100,6,1484,5100,5120
-35,-59,6,1485,2065,2048
-30,106,6,1486,-3180,-3200
85,-110,6,1487,-9350,-9344
-96,89,6,1488,-8544,-8576
-74,-90,6,1489,6660,6656
15,31,6,1490,465,448
6,34,6,1491,204,192
-13,-76,6,1492,988,1024
2,90,6,1493,180,192
-128,120,6,1494,-15360,-15360
126,93,6,1495,11718,11776
-86,10,6,1496,-860,-832
-112,-2,6,1497,224,192
-112,48,6,1498,-5376,-5376
4,42,6,1499,168,128
82,12,6,1500,984,960
98,65,6,1501,6370,6336
-107,86,6,1502,-9202,-9216
118,121,6,1503,14278,14272
-1,68,6,1504,-68,-64
-31,-126,6,1505,3906,3904
-116,20,6,1506,-2320,-2304
52,71,6,1507,3692,3712
17,40,6,1508,680,704
68,-102,6,1509,-6936,-6912
115,-30,6,1510,-3450,-3456
121,73,6,1511,8833,8832
-69,-4,6,1512,276,320
35,95,6,1513,3325,3328
-48,7,6,1514,-336,-320
-80,-66,6,1515,5280,5248
42,-43,6,1516,-1806,-1792
-104,38,6,1517,-3952,-3968
-34,123,6,1518,-4182,-4160
-95,-56,6,1519,5320,5312
-61,-28,6,1520,1708,1728
-103,44,6,1521,-4532,-4480
-11,-72,6,1522,792,768
-104,-92,6,1523,9568,9600
-75,87,6,1524,-6525,-6528
-114,-26,6,1525,2964,2944
78,-103,6,1526,-8034,-8064
-69,112,6,1527,-7728,-7744
127,-105,6,1528,-13335,-13312
-23,92,6,1529,-2116,-2112
117,80,6,1530,9360,9344
101,-55,6,1531,-5555,-5568
43,-20,6,1532,-860,-832
-51,21,6,1533,-1071,-1024
111,76,6,1534,8436,8448
-68,23,6,1535,-1564,-1536
