a,b,K,mode,product_full,product_rounded
-128,-128,0,0,16384,16384
-128,-128,0,1,16384,16384
-128,-128,1,0,16384,16384
-128,-128,1,1,16384,16384
-128,-128,2,0,16384,16384
-128,-128,2,1,16384,16384
-128,-128,3,0,16384,16384
-128,-128,3,1,16384,16384
-128,-128,4,0,16384,16384
-128,-128,4,1,16384,16384
-128,-128,5,0,16384,16384
-128,-128,5,1,16384,16384
-128,-128,6,0,16384,16384
-128,-128,6,1,16384,16384
-128,-1,0,0,128,128
-128,-1,0,1,128,128
-128,-1,1,0,128,128
-128,-1,1,1,128,128
-128,-1,2,0,128,128
-128,-1,2,1,128,128
-128,-1,3,0,128,128
-128,-1,3,1,128,128
-128,-1,4,0,128,128
-128,-1,4,1,128,128
-128,-1,5,0,128,128
-128,-1,5,1,128,128
-128,-1,6,0,128,128
-128,-1,6,1,128,128
-128,0,0,0,0,0
-128,0,0,1,0,0
-128,0,1,0,0,0
-128,0,1,1,0,0
-128,0,2,0,0,0
-128,0,2,1,0,0
-128,0,3,0,0,0
-128,0,3,1,0,0
-128,0,4,0,0,0
-128,0,4,1,0,0
-128,0,5,0,0,0
-128,0,5,1,0,0
-128,0,6,0,0,0
-128,0,6,1,0,0
-128,1,0,0,-128,-128
-128,1,0,1,-128,-128
-128,1,1,0,-128,-128
-128,1,1,1,-128,-128
-128,1,2,0,-128,-128
-128,1,2,1,-128,-128
-128,1,3,0,-128,-128
-128,1,3,1,-128,-128
-128,1,4,0,-128,-128
-128,1,4,1,-128,-128
-128,1,5,0,-128,-128
-128,1,5,1,-128,-128
-128,1,6,0,-128,-128
-128,1,6,1,-128,-128
-128,127,0,0,-16256,-16256
-128,127,0,1,-16256,-16256
-128,127,1,0,-16256,-16256
-128,127,1,1,-16256,-16256
-128,127,2,0,-16256,-16256
-128,127,2,1,-16256,-16256
-128,127,3,0,-16256,-16256
-128,127,3,1,-16256,-16256
-128,127,4,0,-16256,-16256
-128,127,4,1,-16256,-16256
-128,127,5,0,-16256,-16256
-128,127,5,1,-16256,-16256
-128,127,6,0,-16256,-16256
-128,127,6,1,-16256,-16256
-1,-128,0,0,128,128
-1,-128,0,1,128,128
-1,-128,1,0,128,128
-1,-128,1,1,128,128
-1,-128,2,0,128,128
-1,-128,2,1,128,128
-1,-128,3,0,128,128
-1,-128,3,1,128,128
-1,-128,4,0,128,128
-1,-128,4,1,128,128
-1,-128,5,0,128,128
-1,-128,5,1,128,128
-1,-128,6,0,128,128
-1,-128,6,1,128,128
-1,-1,0,0,1,1
-1,-1,0,1,1,1
-1,-1,1,0,1,0
-1,-1,1,1,1,2
-1,-1,2,0,1,0
-1,-1,2,1,1,0
-1,-1,3,0,1,0
-1,-1,3,1,1,0
-1,-1,4,0,1,0
-1,-1,4,1,1,0
-1,-1,5,0,1,0
-1,-1,5,1,1,0
-1,-1,6,0,1,0
-1,-1,6,1,1,0
-1,0,0,0,0,0
-1,0,0,1,0,0
-1,0,1,0,0,0
-1,0,1,1,0,0
-1,0,2,0,0,0
-1,0,2,1,0,0
-1,0,3,0,0,0
-1,0,3,1,0,0
-1,0,4,0,0,0
-1,0,4,1,0,0
-1,0,5,0,0,0
-1,0,5,1,0,0
-1,0,6,0,0,0
-1,0,6,1,0,0
-1,1,0,0,-1,-1
-1,1,0,1,-1,-1
-1,1,1,0,-1,-2
-1,1,1,1,-1,0
-1,1,2,0,-1,-4
-1,1,2,1,-1,0
-1,1,3,0,-1,-8
-1,1,3,1,-1,0
-1,1,4,0,-1,-16
-1,1,4,1,-1,0
-1,1,5,0,-1,-32
-1,1,5,1,-1,0
-1,1,6,0,-1,-64
-1,1,6,1,-1,0
-1,127,0,0,-127,-127
-1,127,0,1,-127,-127
-1,127,1,0,-127,-128
-1,127,1,1,-127,-126
-1,127,2,0,-127,-128
-1,127,2,1,-127,-128
-1,127,3,0,-127,-128
-1,127,3,1,-127,-128
-1,127,4,0,-127,-128
-1,127,4,1,-127,-128
-1,127,5,0,-127,-128
-1,127,5,1,-127,-128
-1,127,6,0,-127,-128
-1,127,6,1,-127,-128
0,-128,0,0,0,0
0,-128,0,1,0,0
0,-128,1,0,0,0
0,-128,1,1,0,0
0,-128,2,0,0,0
0,-128,2,1,0,0
0,-128,3,0,0,0
0,-128,3,1,0,0
0,-128,4,0,0,0
0,-128,4,1,0,0
0,-128,5,0,0,0
0,-128,5,1,0,0
0,-128,6,0,0,0
0,-128,6,1,0,0
0,-1,0,0,0,0
0,-1,0,1,0,0
0,-1,1,0,0,0
0,-1,1,1,0,0
0,-1,2,0,0,0
0,-1,2,1,0,0
0,-1,3,0,0,0
0,-1,3,1,0,0
0,-1,4,0,0,0
0,-1,4,1,0,0
0,-1,5,0,0,0
0,-1,5,1,0,0
0,-1,6,0,0,0
0,-1,6,1,0,0
0,0,0,0,0,0
0,0,0,1,0,0
0,0,1,0,0,0
0,0,1,1,0,0
0,0,2,0,0,0
0,0,2,1,0,0
0,0,3,0,0,0
0,0,3,1,0,0
0,0,4,0,0,0
0,0,4,1,0,0
0,0,5,0,0,0
0,0,5,1,0,0
0,0,6,0,0,0
0,0,6,1,0,0
0,1,0,0,0,0
0,1,0,1,0,0
0,1,1,0,0,0
0,1,1,1,0,0
0,1,2,0,0,0
0,1,2,1,0,0
0,1,3,0,0,0
0,1,3,1,0,0
0,1,4,0,0,0
0,1,4,1,0,0
0,1,5,0,0,0
0,1,5,1,0,0
0,1,6,0,0,0
0,1,6,1,0,0
0,127,0,0,0,0
0,127,0,1,0,0
0,127,1,0,0,0
0,127,1,1,0,0
0,127,2,0,0,0
0,127,2,1,0,0
0,127,3,0,0,0
0,127,3,1,0,0
0,127,4,0,0,0
0,127,4,1,0,0
0,127,5,0,0,0
0,127,5,1,0,0
0,127,6,0,0,0
0,127,6,1,0,0
1,-128,0,0,-128,-128
1,-128,0,1,-128,-128
1,-128,1,0,-128,-128
1,-128,1,1,-128,-128
1,-128,2,0,-128,-128
1,-128,2,1,-128,-128
1,-128,3,0,-128,-128
1,-128,3,1,-128,-128
1,-128,4,0,-128,-128
1,-128,4,1,-128,-128
1,-128,5,0,-128,-128
1,-128,5,1,-128,-128
1,-128,6,0,-128,-128
1,-128,6,1,-128,-128
1,-1,0,0,-1,-1
1,-1,0,1,-1,-1
1,-1,1,0,-1,-2
1,-1,1,1,-1,0
1,-1,2,0,-1,-4
1,-1,2,1,-1,0
1,-1,3,0,-1,-8
1,-1,3,1,-1,0
1,-1,4,0,-1,-16
1,-1,4,1,-1,0
1,-1,5,0,-1,-32
1,-1,5,1,-1,0
1,-1,6,0,-1,-64
1,-1,6,1,-1,0
1,0,0,0,0,0
1,0,0,1,0,0
1,0,1,0,0,0
1,0,1,1,0,0
1,0,2,0,0,0
1,0,2,1,0,0
1,0,3,0,0,0
1,0,3,1,0,0
1,0,4,0,0,0
1,0,4,1,0,0
1,0,5,0,0,0
1,0,5,1,0,0
1,0,6,0,0,0
1,0,6,1,0,0
1,1,0,0,1,1
1,1,0,1,1,1
1,1,1,0,1,0
1,1,1,1,1,2
1,1,2,0,1,0
1,1,2,1,1,0
1,1,3,0,1,0
1,1,3,1,1,0
1,1,4,0,1,0
1,1,4,1,1,0
1,1,5,0,1,0
1,1,5,1,1,0
1,1,6,0,1,0
1,1,6,1,1,0
1,127,0,0,127,127
1,127,0,1,127,127
1,127,1,0,127,126
1,127,1,1,127,128
1,127,2,0,127,124
1,127,2,1,127,128
1,127,3,0,127,120
1,127,3,1,127,128
1,127,4,0,127,112
1,127,4,1,127,128
1,127,5,0,127,96
1,127,5,1,127,128
1,127,6,0,127,64
1,127,6,1,127,128
127,-128,0,0,-16256,-16256
127,-128,0,1,-16256,-16256
127,-128,1,0,-16256,-16256
127,-128,1,1,-16256,-16256
127,-128,2,0,-16256,-16256
127,-128,2,1,-16256,-16256
127,-128,3,0,-16256,-16256
127,-128,3,1,-16256,-16256
127,-128,4,0,-16256,-16256
127,-128,4,1,-16256,-16256
127,-128,5,0,-16256,-16256
127,-128,5,1,-16256,-16256
127,-128,6,0,-16256,-16256
127,-128,6,1,-16256,-16256
127,-1,0,0,-127,-127
127,-1,0,1,-127,-127
127,-1,1,0,-127,-128
127,-1,1,1,-127,-126
127,-1,2,0,-127,-128
127,-1,2,1,-127,-128
127,-1,3,0,-127,-128
127,-1,3,1,-127,-128
127,-1,4,0,-127,-128
127,-1,4,1,-127,-128
127,-1,5,0,-127,-128
127,-1,5,1,-127,-128
127,-1,6,0,-127,-128
127,-1,6,1,-127,-128
127,0,0,0,0,0
127,0,0,1,0,0
127,0,1,0,0,0
127,0,1,1,0,0
127,0,2,0,0,0
127,0,2,1,0,0
127,0,3,0,0,0
127,0,3,1,0,0
127,0,4,0,0,0
127,0,4,1,0,0
127,0,5,0,0,0
127,0,5,1,0,0
127,0,6,0,0,0
127,0,6,1,0,0
127,1,0,0,127,127
127,1,0,1,127,127
127,1,1,0,127,126
127,1,1,1,127,128
127,1,2,0,127,124
127,1,2,1,127,128
127,1,3,0,127,120
127,1,3,1,127,128
127,1,4,0,127,112
127,1,4,1,127,128
127,1,5,0,127,96
127,1,5,1,127,128
127,1,6,0,127,64
127,1,6,1,127,128
127,127,0,0,16129,16129
127,127,0,1,16129,16129
127,127,1,0,16129,16128
127,127,1,1,16129,16130
127,127,2,0,16129,16128
127,127,2,1,16129,16128
127,127,3,0,16129,16128
127,127,3,1,16129,16128
127,127,4,0,16129,16128
127,127,4,1,16129,16128
127,127,5,0,16129,16128
127,127,5,1,16129,16128
127,127,6,0,16129,16128
127,127,6,1,16129,16128
-128,-128,0,0,16384,16384
-128,-128,0,1,16384,16384
-128,-128,1,0,16384,16384
-128,-128,1,1,16384,16384
-128,-128,2,0,16384,16384
-128,-128,2,1,16384,16384
-128,-128,3,0,16384,16384
-128,-128,3,1,16384,16384
-128,-128,4,0,16384,16384
-128,-128,4,1,16384,16384
-128,-128,5,0,16384,16384
-128,-128,5,1,16384,16384
-128,-128,6,0,16384,16384
-128,-128,6,1,16384,16384
-128,-96,0,0,12288,12288
-128,-96,0,1,12288,12288
-128,-96,1,0,12288,12288
-128,-96,1,1,12288,12288
-128,-96,2,0,12288,12288
-128,-96,2,1,12288,12288
-128,-96,3,0,12288,12288
-128,-96,3,1,12288,12288
-128,-96,4,0,12288,12288
-128,-96,4,1,12288,12288
-128,-96,5,0,12288,12288
-128,-96,5,1,12288,12288
-128,-96,6,0,12288,12288
-128,-96,6,1,12288,12288
-128,-64,0,0,8192,8192
-128,-64,0,1,8192,8192
-128,-64,1,0,8192,8192
-128,-64,1,1,8192,8192
-128,-64,2,0,8192,8192
-128,-64,2,1,8192,8192
-128,-64,3,0,8192,8192
-128,-64,3,1,8192,8192
-128,-64,4,0,8192,8192
-128,-64,4,1,8192,8192
-128,-64,5,0,8192,8192
-128,-64,5,1,8192,8192
-128,-64,6,0,8192,8192
-128,-64,6,1,8192,8192
-128,-32,0,0,4096,4096
-128,-32,0,1,4096,4096
-128,-32,1,0,4096,4096
-128,-32,1,1,4096,4096
-128,-32,2,0,4096,4096
-128,-32,2,1,4096,4096
-128,-32,3,0,4096,4096
-128,-32,3,1,4096,4096
-128,-32,4,0,4096,4096
-128,-32,4,1,4096,4096
-128,-32,5,0,4096,4096
-128,-32,5,1,4096,4096
-128,-32,6,0,4096,4096
-128,-32,6,1,4096,4096
-128,0,0,0,0,0
-128,0,0,1,0,0
-128,0,1,0,0,0
-128,0,1,1,0,0
-128,0,2,0,0,0
-128,0,2,1,0,0
-128,0,3,0,0,0
-128,0,3,1,0,0
-128,0,4,0,0,0
-128,0,4,1,0,0
-128,0,5,0,0,0
-128,0,5,1,0,0
-128,0,6,0,0,0
-128,0,6,1,0,0
-128,32,0,0,-4096,-4096
-128,32,0,1,-4096,-4096
-128,32,1,0,-4096,-4096
-128,32,1,1,-4096,-4096
-128,32,2,0,-4096,-4096
-128,32,2,1,-4096,-4096
-128,32,3,0,-4096,-4096
-128,32,3,1,-4096,-4096
-128,32,4,0,-4096,-4096
-128,32,4,1,-4096,-4096
-128,32,5,0,-4096,-4096
-128,32,5,1,-4096,-4096
-128,32,6,0,-4096,-4096
-128,32,6,1,-4096,-4096
-128,64,0,0,-8192,-8192
-128,64,0,1,-8192,-8192
-128,64,1,0,-8192,-8192
-128,64,1,1,-8192,-8192
-128,64,2,0,-8192,-8192
-128,64,2,1,-8192,-8192
-128,64,3,0,-8192,-8192
-128,64,3,1,-8192,-8192
-128,64,4,0,-8192,-8192
-128,64,4,1,-8192,-8192
-128,64,5,0,-8192,-8192
-128,64,5,1,-8192,-8192
-128,64,6,0,-8192,-8192
-128,64,6,1,-8192,-8192
-128,96,0,0,-12288,-12288
-128,96,0,1,-12288,-12288
-128,96,1,0,-12288,-12288
-128,96,1,1,-12288,-12288
-128,96,2,0,-12288,-12288
-128,96,2,1,-12288,-12288
-128,96,3,0,-12288,-12288
-128,96,3,1,-12288,-12288
-128,96,4,0,-12288,-12288
-128,96,4,1,-12288,-12288
-128,96,5,0,-12288,-12288
-128,96,5,1,-12288,-12288
-128,96,6,0,-12288,-12288
-128,96,6,1,-12288,-12288
-96,-128,0,0,12288,12288
-96,-128,0,1,12288,12288
-96,-128,1,0,12288,12288
-96,-128,1,1,12288,12288
-96,-128,2,0,12288,12288
-96,-128,2,1,12288,12288
-96,-128,3,0,12288,12288
-96,-128,3,1,12288,12288
-96,-128,4,0,12288,12288
-96,-128,4,1,12288,12288
-96,-128,5,0,12288,12288
-96,-128,5,1,12288,12288
-96,-128,6,0,12288,12288
-96,-128,6,1,12288,12288
-96,-96,0,0,9216,9216
-96,-96,0,1,9216,9216
-96,-96,1,0,9216,9216
-96,-96,1,1,9216,9216
-96,-96,2,0,9216,9216
-96,-96,2,1,9216,9216
-96,-96,3,0,9216,9216
-96,-96,3,1,9216,9216
-96,-96,4,0,9216,9216
-96,-96,4,1,9216,9216
-96,-96,5,0,9216,9216
-96,-96,5,1,9216,9216
-96,-96,6,0,9216,9216
-96,-96,6,1,9216,9216
-96,-64,0,0,6144,6144
-96,-64,0,1,6144,6144
-96,-64,1,0,6144,6144
-96,-64,1,1,6144,6144
-96,-64,2,0,6144,6144
-96,-64,2,1,6144,6144
-96,-64,3,0,6144,6144
-96,-64,3,1,6144,6144
-96,-64,4,0,6144,6144
-96,-64,4,1,6144,6144
-96,-64,5,0,6144,6144
-96,-64,5,1,6144,6144
-96,-64,6,0,6144,6144
-96,-64,6,1,6144,6144
-96,-32,0,0,3072,3072
-96,-32,0,1,3072,3072
-96,-32,1,0,3072,3072
-96,-32,1,1,3072,3072
-96,-32,2,0,3072,3072
-96,-32,2,1,3072,3072
-96,-32,3,0,3072,3072
-96,-32,3,1,3072,3072
-96,-32,4,0,3072,3072
-96,-32,4,1,3072,3072
-96,-32,5,0,3072,3072
-96,-32,5,1,3072,3072
-96,-32,6,0,3072,3072
-96,-32,6,1,3072,3072
-96,0,0,0,0,0
-96,0,0,1,0,0
-96,0,1,0,0,0
-96,0,1,1,0,0
-96,0,2,0,0,0
-96,0,2,1,0,0
-96,0,3,0,0,0
-96,0,3,1,0,0
-96,0,4,0,0,0
-96,0,4,1,0,0
-96,0,5,0,0,0
-96,0,5,1,0,0
-96,0,6,0,0,0
-96,0,6,1,0,0
-96,32,0,0,-3072,-3072
-96,32,0,1,-3072,-3072
-96,32,1,0,-3072,-3072
-96,32,1,1,-3072,-3072
-96,32,2,0,-3072,-3072
-96,32,2,1,-3072,-3072
-96,32,3,0,-3072,-3072
-96,32,3,1,-3072,-3072
-96,32,4,0,-3072,-3072
-96,32,4,1,-3072,-3072
-96,32,5,0,-3072,-3072
-96,32,5,1,-3072,-3072
-96,32,6,0,-3072,-3072
-96,32,6,1,-3072,-3072
-96,64,0,0,-6144,-6144
-96,64,0,1,-6144,-6144
-96,64,1,0,-6144,-6144
-96,64,1,1,-6144,-6144
-96,64,2,0,-6144,-6144
-96,64,2,1,-6144,-6144
-96,64,3,0,-6144,-6144
-96,64,3,1,-6144,-6144
-96,64,4,0,-6144,-6144
-96,64,4,1,-6144,-6144
-96,64,5,0,-6144,-6144
-96,64,5,1,-6144,-6144
-96,64,6,0,-6144,-6144
-96,64,6,1,-6144,-6144
-96,96,0,0,-9216,-9216
-96,96,0,1,-9216,-9216
-96,96,1,0,-9216,-9216
-96,96,1,1,-9216,-9216
-96,96,2,0,-9216,-9216
-96,96,2,1,-9216,-9216
-96,96,3,0,-9216,-9216
-96,96,3,1,-9216,-9216
-96,96,4,0,-9216,-9216
-96,96,4,1,-9216,-9216
-96,96,5,0,-9216,-9216
-96,96,5,1,-9216,-9216
-96,96,6,0,-9216,-9216
-96,96,6,1,-9216,-9216
-64,-128,0,0,8192,8192
-64,-128,0,1,8192,8192
-64,-128,1,0,8192,8192
-64,-128,1,1,8192,8192
-64,-128,2,0,8192,8192
-64,-128,2,1,8192,8192
-64,-128,3,0,8192,8192
-64,-128,3,1,8192,8192
-64,-128,4,0,8192,8192
-64,-128,4,1,8192,8192
-64,-128,5,0,8192,8192
-64,-128,5,1,8192,8192
-64,-128,6,0,8192,8192
-64,-128,6,1,8192,8192
-64,-96,0,0,6144,6144
-64,-96,0,1,6144,6144
-64,-96,1,0,6144,6144
-64,-96,1,1,6144,6144
-64,-96,2,0,6144,6144
-64,-96,2,1,6144,6144
-64,-96,3,0,6144,6144
-64,-96,3,1,6144,6144
-64,-96,4,0,6144,6144
-64,-96,4,1,6144,6144
-64,-96,5,0,6144,6144
-64,-96,5,1,6144,6144
-64,-96,6,0,6144,6144
-64,-96,6,1,6144,6144
-64,-64,0,0,4096,4096
-64,-64,0,1,4096,4096
-64,-64,1,0,4096,4096
-64,-64,1,1,4096,4096
-64,-64,2,0,4096,4096
-64,-64,2,1,4096,4096
-64,-64,3,0,4096,4096
-64,-64,3,1,4096,4096
-64,-64,4,0,4096,4096
-64,-64,4,1,4096,4096
-64,-64,5,0,4096,4096
-64,-64,5,1,4096,4096
-64,-64,6,0,4096,4096
-64,-64,6,1,4096,4096
-64,-32,0,0,2048,2048
-64,-32,0,1,2048,2048
-64,-32,1,0,2048,2048
-64,-32,1,1,2048,2048
-64,-32,2,0,2048,2048
-64,-32,2,1,2048,2048
-64,-32,3,0,2048,2048
-64,-32,3,1,2048,2048
-64,-32,4,0,2048,2048
-64,-32,4,1,2048,2048
-64,-32,5,0,2048,2048
-64,-32,5,1,2048,2048
-64,-32,6,0,2048,2048
-64,-32,6,1,2048,2048
-64,0,0,0,0,0
-64,0,0,1,0,0
-64,0,1,0,0,0
-64,0,1,1,0,0
-64,0,2,0,0,0
-64,0,2,1,0,0
-64,0,3,0,0,0
-64,0,3,1,0,0
-64,0,4,0,0,0
-64,0,4,1,0,0
-64,0,5,0,0,0
-64,0,5,1,0,0
-64,0,6,0,0,0
-64,0,6,1,0,0
-64,32,0,0,-2048,-2048
-64,32,0,1,-2048,-2048
-64,32,1,0,-2048,-2048
-64,32,1,1,-2048,-2048
-64,32,2,0,-2048,-2048
-64,32,2,1,-2048,-2048
-64,32,3,0,-2048,-2048
-64,32,3,1,-2048,-2048
-64,32,4,0,-2048,-2048
-64,32,4,1,-2048,-2048
-64,32,5,0,-2048,-2048
-64,32,5,1,-2048,-2048
-64,32,6,0,-2048,-2048
-64,32,6,1,-2048,-2048
-64,64,0,0,-4096,-4096
-64,64,0,1,-4096,-4096
-64,64,1,0,-4096,-4096
-64,64,1,1,-4096,-4096
-64,64,2,0,-4096,-4096
-64,64,2,1,-4096,-4096
-64,64,3,0,-4096,-4096
-64,64,3,1,-4096,-4096
-64,64,4,0,-4096,-4096
-64,64,4,1,-4096,-4096
-64,64,5,0,-4096,-4096
-64,64,5,1,-4096,-4096
-64,64,6,0,-4096,-4096
-64,64,6,1,-4096,-4096
-64,96,0,0,-6144,-6144
-64,96,0,1,-6144,-6144
-64,96,1,0,-6144,-6144
-64,96,1,1,-6144,-6144
-64,96,2,0,-6144,-6144
-64,96,2,1,-6144,-6144
-64,96,3,0,-6144,-6144
-64,96,3,1,-6144,-6144
-64,96,4,0,-6144,-6144
-64,96,4,1,-6144,-6144
-64,96,5,0,-6144,-6144
-64,96,5,1,-6144,-6144
-64,96,6,0,-6144,-6144
-64,96,6,1,-6144,-6144
-32,-128,0,0,4096,4096
-32,-128,0,1,4096,4096
-32,-128,1,0,4096,4096
-32,-128,1,1,4096,4096
-32,-128,2,0,4096,4096
-32,-128,2,1,4096,4096
-32,-128,3,0,4096,4096
-32,-128,3,1,4096,4096
-32,-128,4,0,4096,4096
-32,-128,4,1,4096,4096
-32,-128,5,0,4096,4096
-32,-128,5,1,4096,4096
-32,-128,6,0,4096,4096
-32,-128,6,1,4096,4096
-32,-96,0,0,3072,3072
-32,-96,0,1,3072,3072
-32,-96,1,0,3072,3072
-32,-96,1,1,3072,3072
-32,-96,2,0,3072,3072
-32,-96,2,1,3072,3072
-32,-96,3,0,3072,3072
-32,-96,3,1,3072,3072
-32,-96,4,0,3072,3072
-32,-96,4,1,3072,3072
-32,-96,5,0,3072,3072
-32,-96,5,1,3072,3072
-32,-96,6,0,3072,3072
-32,-96,6,1,3072,3072
-32,-64,0,0,2048,2048
-32,-64,0,1,2048,2048
-32,-64,1,0,2048,2048
-32,-64,1,1,2048,2048
-32,-64,2,0,2048,2048
-32,-64,2,1,2048,2048
-32,-64,3,0,2048,2048
-32,-64,3,1,2048,2048
-32,-64,4,0,2048,2048
-32,-64,4,1,2048,2048
-32,-64,5,0,2048,2048
-32,-64,5,1,2048,2048
-32,-64,6,0,2048,2048
-32,-64,6,1,2048,2048
-32,-32,0,0,1024,1024
-32,-32,0,1,1024,1024
-32,-32,1,0,1024,1024
-32,-32,1,1,1024,1024
-32,-32,2,0,1024,1024
-32,-32,2,1,1024,1024
-32,-32,3,0,1024,1024
-32,-32,3,1,1024,1024
-32,-32,4,0,1024,1024
-32,-32,4,1,1024,1024
-32,-32,5,0,1024,1024
-32,-32,5,1,1024,1024
-32,-32,6,0,1024,1024
-32,-32,6,1,1024,1024
-32,0,0,0,0,0
-32,0,0,1,0,0
-32,0,1,0,0,0
-32,0,1,1,0,0
-32,0,2,0,0,0
-32,0,2,1,0,0
-32,0,3,0,0,0
-32,0,3,1,0,0
-32,0,4,0,0,0
-32,0,4,1,0,0
-32,0,5,0,0,0
-32,0,5,1,0,0
-32,0,6,0,0,0
-32,0,6,1,0,0
-32,32,0,0,-1024,-1024
-32,32,0,1,-1024,-1024
-32,32,1,0,-1024,-1024
-32,32,1,1,-1024,-1024
-32,32,2,0,-1024,-1024
-32,32,2,1,-1024,-1024
-32,32,3,0,-1024,-1024
-32,32,3,1,-1024,-1024
-32,32,4,0,-1024,-1024
-32,32,4,1,-1024,-1024
-32,32,5,0,-1024,-1024
-32,32,5,1,-1024,-1024
-32,32,6,0,-1024,-1024
-32,32,6,1,-1024,-1024
-32,64,0,0,-2048,-2048
-32,64,0,1,-2048,-2048
-32,64,1,0,-2048,-2048
-32,64,1,1,-2048,-2048
-32,64,2,0,-2048,-2048
-32,64,2,1,-2048,-2048
-32,64,3,0,-2048,-2048
-32,64,3,1,-2048,-2048
-32,64,4,0,-2048,-2048
-32,64,4,1,-2048,-2048
-32,64,5,0,-2048,-2048
-32,64,5,1,-2048,-2048
-32,64,6,0,-2048,-2048
-32,64,6,1,-2048,-2048
-32,96,0,0,-3072,-3072
-32,96,0,1,-3072,-3072
-32,96,1,0,-3072,-3072
-32,96,1,1,-3072,-3072
-32,96,2,0,-3072,-3072
-32,96,2,1,-3072,-3072
-32,96,3,0,-3072,-3072
-32,96,3,1,-3072,-3072
-32,96,4,0,-3072,-3072
-32,96,4,1,-3072,-3072
-32,96,5,0,-3072,-3072
-32,96,5,1,-3072,-3072
-32,96,6,0,-3072,-3072
-32,96,6,1,-3072,-3072
0,-128,0,0,0,0
0,-128,0,1,0,0
0,-128,1,0,0,0
0,-128,1,1,0,0
0,-128,2,0,0,0
0,-128,2,1,0,0
0,-128,3,0,0,0
0,-128,3,1,0,0
0,-128,4,0,0,0
0,-128,4,1,0,0
0,-128,5,0,0,0
0,-128,5,1,0,0
0,-128,6,0,0,0
0,-128,6,1,0,0
0,-96,0,0,0,0
0,-96,0,1,0,0
0,-96,1,0,0,0
0,-96,1,1,0,0
0,-96,2,0,0,0
0,-96,2,1,0,0
0,-96,3,0,0,0
0,-96,3,1,0,0
0,-96,4,0,0,0
0,-96,4,1,0,0
0,-96,5,0,0,0
0,-96,5,1,0,0
0,-96,6,0,0,0
0,-96,6,1,0,0
0,-64,0,0,0,0
0,-64,0,1,0,0
0,-64,1,0,0,0
0,-64,1,1,0,0
0,-64,2,0,0,0
0,-64,2,1,0,0
0,-64,3,0,0,0
0,-64,3,1,0,0
0,-64,4,0,0,0
0,-64,4,1,0,0
0,-64,5,0,0,0
0,-64,5,1,0,0
0,-64,6,0,0,0
0,-64,6,1,0,0
0,-32,0,0,0,0
0,-32,0,1,0,0
0,-32,1,0,0,0
0,-32,1,1,0,0
0,-32,2,0,0,0
0,-32,2,1,0,0
0,-32,3,0,0,0
0,-32,3,1,0,0
0,-32,4,0,0,0
0,-32,4,1,0,0
0,-32,5,0,0,0
0,-32,5,1,0,0
0,-32,6,0,0,0
0,-32,6,1,0,0
0,0,0,0,0,0
0,0,0,1,0,0
0,0,1,0,0,0
0,0,1,1,0,0
0,0,2,0,0,0
0,0,2,1,0,0
0,0,3,0,0,0
0,0,3,1,0,0
0,0,4,0,0,0
0,0,4,1,0,0
0,0,5,0,0,0
0,0,5,1,0,0
0,0,6,0,0,0
0,0,6,1,0,0
0,32,0,0,0,0
0,32,0,1,0,0
0,32,1,0,0,0
0,32,1,1,0,0
0,32,2,0,0,0
0,32,2,1,0,0
0,32,3,0,0,0
0,32,3,1,0,0
0,32,4,0,0,0
0,32,4,1,0,0
0,32,5,0,0,0
0,32,5,1,0,0
0,32,6,0,0,0
0,32,6,1,0,0
0,64,0,0,0,0
0,64,0,1,0,0
0,64,1,0,0,0
0,64,1,1,0,0
0,64,2,0,0,0
0,64,2,1,0,0
0,64,3,0,0,0
0,64,3,1,0,0
0,64,4,0,0,0
0,64,4,1,0,0
0,64,5,0,0,0
0,64,5,1,0,0
0,64,6,0,0,0
0,64,6,1,0,0
0,96,0,0,0,0
0,96,0,1,0,0
0,96,1,0,0,0
0,96,1,1,0,0
0,96,2,0,0,0
0,96,2,1,0,0
0,96,3,0,0,0
0,96,3,1,0,0
0,96,4,0,0,0
0,96,4,1,0,0
0,96,5,0,0,0
0,96,5,1,0,0
0,96,6,0,0,0
0,96,6,1,0,0
32,-128,0,0,-4096,-4096
32,-128,0,1,-4096,-4096
32,-128,1,0,-4096,-4096
32,-128,1,1,-4096,-4096
32,-128,2,0,-4096,-4096
32,-128,2,1,-4096,-4096
32,-128,3,0,-4096,-4096
32,-128,3,1,-4096,-4096
32,-128,4,0,-4096,-4096
32,-128,4,1,-4096,-4096
32,-128,5,0,-4096,-4096
32,-128,5,1,-4096,-4096
32,-128,6,0,-4096,-4096
32,-128,6,1,-4096,-4096
32,-96,0,0,-3072,-3072
32,-96,0,1,-3072,-3072
32,-96,1,0,-3072,-3072
32,-96,1,1,-3072,-3072
32,-96,2,0,-3072,-3072
32,-96,2,1,-3072,-3072
32,-96,3,0,-3072,-3072
32,-96,3,1,-3072,-3072
32,-96,4,0,-3072,-3072
32,-96,4,1,-3072,-3072
32,-96,5,0,-3072,-3072
32,-96,5,1,-3072,-3072
32,-96,6,0,-3072,-3072
32,-96,6,1,-3072,-3072
32,-64,0,0,-2048,-2048
32,-64,0,1,-2048,-2048
32,-64,1,0,-2048,-2048
32,-64,1,1,-2048,-2048
32,-64,2,0,-2048,-2048
32,-64,2,1,-2048,-2048
32,-64,3,0,-2048,-2048
32,-64,3,1,-2048,-2048
32,-64,4,0,-2048,-2048
32,-64,4,1,-2048,-2048
32,-64,5,0,-2048,-2048
32,-64,5,1,-2048,-2048
32,-64,6,0,-2048,-2048
32,-64,6,1,-2048,-2048
32,-32,0,0,-1024,-1024
32,-32,0,1,-1024,-1024
32,-32,1,0,-1024,-1024
32,-32,1,1,-1024,-1024
32,-32,2,0,-1024,-1024
32,-32,2,1,-1024,-1024
32,-32,3,0,-1024,-1024
32,-32,3,1,-1024,-1024
32,-32,4,0,-1024,-1024
32,-32,4,1,-1024,-1024
32,-32,5,0,-1024,-1024
32,-32,5,1,-1024,-1024
32,-32,6,0,-1024,-1024
32,-32,6,1,-1024,-1024
32,0,0,0,0,0
32,0,0,1,0,0
32,0,1,0,0,0
32,0,1,1,0,0
32,0,2,0,0,0
32,0,2,1,0,0
32,0,3,0,0,0
32,0,3,1,0,0
32,0,4,0,0,0
32,0,4,1,0,0
32,0,5,0,0,0
32,0,5,1,0,0
32,0,6,0,0,0
32,0,6,1,0,0
32,32,0,0,1024,1024
32,32,0,1,1024,1024
32,32,1,0,1024,1024
32,32,1,1,1024,1024
32,32,2,0,1024,1024
32,32,2,1,1024,1024
32,32,3,0,1024,1024
32,32,3,1,1024,1024
32,32,4,0,1024,1024
32,32,4,1,1024,1024
32,32,5,0,1024,1024
32,32,5,1,1024,1024
32,32,6,0,1024,1024
32,32,6,1,1024,1024
32,64,0,0,2048,2048
32,64,0,1,2048,2048
32,64,1,0,2048,2048
32,64,1,1,2048,2048
32,64,2,0,2048,2048
32,64,2,1,2048,2048
32,64,3,0,2048,2048
32,64,3,1,2048,2048
32,64,4,0,2048,2048
32,64,4,1,2048,2048
32,64,5,0,2048,2048
32,64,5,1,2048,2048
32,64,6,0,2048,2048
32,64,6,1,2048,2048
32,96,0,0,3072,3072
32,96,0,1,3072,3072
32,96,1,0,3072,3072
32,96,1,1,3072,3072
32,96,2,0,3072,3072
32,96,2,1,3072,3072
32,96,3,0,3072,3072
32,96,3,1,3072,3072
32,96,4,0,3072,3072
32,96,4,1,3072,3072
32,96,5,0,3072,3072
32,96,5,1,3072,3072
32,96,6,0,3072,3072
32,96,6,1,3072,3072
64,-128,0,0,-8192,-8192
64,-128,0,1,-8192,-8192
64,-128,1,0,-8192,-8192
64,-128,1,1,-8192,-8192
64,-128,2,0,-8192,-8192
64,-128,2,1,-8192,-8192
64,-128,3,0,-8192,-8192
64,-128,3,1,-8192,-8192
64,-128,4,0,-8192,-8192
64,-128,4,1,-8192,-8192
64,-128,5,0,-8192,-8192
64,-128,5,1,-8192,-8192
64,-128,6,0,-8192,-8192
64,-128,6,1,-8192,-8192
64,-96,0,0,-6144,-6144
64,-96,0,1,-6144,-6144
64,-96,1,0,-6144,-6144
64,-96,1,1,-6144,-6144
64,-96,2,0,-6144,-6144
64,-96,2,1,-6144,-6144
64,-96,3,0,-6144,-6144
64,-96,3,1,-6144,-6144
64,-96,4,0,-6144,-6144
64,-96,4,1,-6144,-6144
64,-96,5,0,-6144,-6144
64,-96,5,1,-6144,-6144
64,-96,6,0,-6144,-6144
64,-96,6,1,-6144,-6144
64,-64,0,0,-4096,-4096
64,-64,0,1,-4096,-4096
64,-64,1,0,-4096,-4096
64,-64,1,1,-4096,-4096
64,-64,2,0,-4096,-4096
64,-64,2,1,-4096,-4096
64,-64,3,0,-4096,-4096
64,-64,3,1,-4096,-4096
64,-64,4,0,-4096,-4096
64,-64,4,1,-4096,-4096
64,-64,5,0,-4096,-4096
64,-64,5,1,-4096,-4096
64,-64,6,0,-4096,-4096
64,-64,6,1,-4096,-4096
64,-32,0,0,-2048,-2048
64,-32,0,1,-2048,-2048
64,-32,1,0,-2048,-2048
64,-32,1,1,-2048,-2048
64,-32,2,0,-2048,-2048
64,-32,2,1,-2048,-2048
64,-32,3,0,-2048,-2048
64,-32,3,1,-2048,-2048
64,-32,4,0,-2048,-2048
64,-32,4,1,-2048,-2048
64,-32,5,0,-2048,-2048
64,-32,5,1,-2048,-2048
64,-32,6,0,-2048,-2048
64,-32,6,1,-2048,-2048
64,0,0,0,0,0
64,0,0,1,0,0
64,0,1,0,0,0
64,0,1,1,0,0
64,0,2,0,0,0
64,0,2,1,0,0
64,0,3,0,0,0
64,0,3,1,0,0
64,0,4,0,0,0
64,0,4,1,0,0
64,0,5,0,0,0
64,0,5,1,0,0
64,0,6,0,0,0
64,0,6,1,0,0
64,32,0,0,2048,2048
64,32,0,1,2048,2048
64,32,1,0,2048,2048
64,32,1,1,2048,2048
64,32,2,0,2048,2048
64,32,2,1,2048,2048
64,32,3,0,2048,2048
64,32,3,1,2048,2048
64,32,4,0,2048,2048
64,32,4,1,2048,2048
64,32,5,0,2048,2048
64,32,5,1,2048,2048
64,32,6,0,2048,2048
64,32,6,1,2048,2048
64,64,0,0,4096,4096
64,64,0,1,4096,4096
64,64,1,0,4096,4096
64,64,1,1,4096,4096
64,64,2,0,4096,4096
64,64,2,1,4096,4096
64,64,3,0,4096,4096
64,64,3,1,4096,4096
64,64,4,0,4096,4096
64,64,4,1,4096,4096
64,64,5,0,4096,4096
64,64,5,1,4096,4096
64,64,6,0,4096,4096
64,64,6,1,4096,4096
64,96,0,0,6144,6144
64,96,0,1,6144,6144
64,96,1,0,6144,6144
64,96,1,1,6144,6144
64,96,2,0,6144,6144
64,96,2,1,6144,6144
64,96,3,0,6144,6144
64,96,3,1,6144,6144
64,96,4,0,6144,6144
64,96,4,1,6144,6144
64,96,5,0,6144,6144
64,96,5,1,6144,6144
64,96,6,0,6144,6144
64,96,6,1,6144,6144
96,-128,0,0,-12288,-12288
96,-128,0,1,-12288,-12288
96,-128,1,0,-12288,-12288
96,-128,1,1,-12288,-12288
96,-128,2,0,-12288,-12288
96,-128,2,1,-12288,-12288
96,-128,3,0,-12288,-12288
96,-128,3,1,-12288,-12288
96,-128,4,0,-12288,-12288
96,-128,4,1,-12288,-12288
96,-128,5,0,-12288,-12288
96,-128,5,1,-12288,-12288
96,-128,6,0,-12288,-12288
96,-128,6,1,-12288,-12288
96,-96,0,0,-9216,-9216
96,-96,0,1,-9216,-9216
96,-96,1,0,-9216,-9216
96,-96,1,1,-9216,-9216
96,-96,2,0,-9216,-9216
96,-96,2,1,-9216,-9216
96,-96,3,0,-9216,-9216
96,-96,3,1,-9216,-9216
96,-96,4,0,-9216,-9216
96,-96,4,1,-9216,-9216
96,-96,5,0,-9216,-9216
96,-96,5,1,-9216,-9216
96,-96,6,0,-9216,-9216
96,-96,6,1,-9216,-9216
96,-64,0,0,-6144,-6144
96,-64,0,1,-6144,-6144
96,-64,1,0,-6144,-6144
96,-64,1,1,-6144,-6144
96,-64,2,0,-6144,-6144
96,-64,2,1,-6144,-6144
96,-64,3,0,-6144,-6144
96,-64,3,1,-6144,-6144
96,-64,4,0,-6144,-6144
96,-64,4,1,-6144,-6144
96,-64,5,0,-6144,-6144
96,-64,5,1,-6144,-6144
96,-64,6,0,-6144,-6144
96,-64,6,1,-6144,-6144
96,-32,0,0,-3072,-3072
96,-32,0,1,-3072,-3072
96,-32,1,0,-3072,-3072
96,-32,1,1,-3072,-3072
96,-32,2,0,-3072,-3072
96,-32,2,1,-3072,-3072
96,-32,3,0,-3072,-3072
96,-32,3,1,-3072,-3072
96,-32,4,0,-3072,-3072
96,-32,4,1,-3072,-3072
96,-32,5,0,-3072,-3072
96,-32,5,1,-3072,-3072
96,-32,6,0,-3072,-3072
96,-32,6,1,-3072,-3072
96,0,0,0,0,0
96,0,0,1,0,0
96,0,1,0,0,0
96,0,1,1,0,0
96,0,2,0,0,0
96,0,2,1,0,0
96,0,3,0,0,0
96,0,3,1,0,0
96,0,4,0,0,0
96,0,4,1,0,0
96,0,5,0,0,0
96,0,5,1,0,0
96,0,6,0,0,0
96,0,6,1,0,0
96,32,0,0,3072,3072
96,32,0,1,3072,3072
96,32,1,0,3072,3072
96,32,1,1,3072,3072
96,32,2,0,3072,3072
96,32,2,1,3072,3072
96,32,3,0,3072,3072
96,32,3,1,3072,3072
96,32,4,0,3072,3072
96,32,4,1,3072,3072
96,32,5,0,3072,3072
96,32,5,1,3072,3072
96,32,6,0,3072,3072
96,32,6,1,3072,3072
96,64,0,0,6144,6144
96,64,0,1,6144,6144
96,64,1,0,6144,6144
96,64,1,1,6144,6144
96,64,2,0,6144,6144
96,64,2,1,6144,6144
96,64,3,0,6144,6144
96,64,3,1,6144,6144
96,64,4,0,6144,6144
96,64,4,1,6144,6144
96,64,5,0,6144,6144
96,64,5,1,6144,6144
96,64,6,0,6144,6144
96,64,6,1,6144,6144
96,96,0,0,9216,9216
96,96,0,1,9216,9216
96,96,1,0,9216,9216
96,96,1,1,9216,9216
96,96,2,0,9216,9216
96,96,2,1,9216,9216
96,96,3,0,9216,9216
96,96,3,1,9216,9216
96,96,4,0,9216,9216
96,96,4,1,9216,9216
96,96,5,0,9216,9216
96,96,5,1,9216,9216
96,96,6,0,9216,9216
96,96,6,1,9216,9216
91,-38,0,0,-3458,-3458
91,-38,0,1,-3458,-3458
91,-38,1,0,-3458,-3458
91,-38,1,1,-3458,-3458
91,-38,2,0,-3458,-3460
91,-38,2,1,-3458,-3456
91,-38,3,0,-3458,-3464
91,-38,3,1,-3458,-3456
91,-38,4,0,-3458,-3472
91,-38,4,1,-3458,-3456
91,-38,5,0,-3458,-3488
91,-38,5,1,-3458,-3456
91,-38,6,0,-3458,-3520
91,-38,6,1,-3458,-3456
8,-58,0,0,-464,-464
8,-58,0,1,-464,-464
8,-58,1,0,-464,-464
8,-58,1,1,-464,-464
8,-58,2,0,-464,-464
8,-58,2,1,-464,-464
8,-58,3,0,-464,-464
8,-58,3,1,-464,-464
8,-58,4,0,-464,-464
8,-58,4,1,-464,-464
8,-58,5,0,-464,-480
8,-58,5,1,-464,-448
8,-58,6,0,-464,-512
8,-58,6,1,-464,-448
11,-50,0,0,-550,-550
11,-50,0,1,-550,-550
11,-50,1,0,-550,-550
11,-50,1,1,-550,-550
11,-50,2,0,-550,-552
11,-50,2,1,-550,-548
11,-50,3,0,-550,-552
11,-50,3,1,-550,-552
11,-50,4,0,-550,-560
11,-50,4,1,-550,-544
11,-50,5,0,-550,-576
11,-50,5,1,-550,-544
11,-50,6,0,-550,-576
11,-50,6,1,-550,-576
93,104,0,0,9672,9672
93,104,0,1,9672,9672
93,104,1,0,9672,9672
93,104,1,1,9672,9672
93,104,2,0,9672,9672
93,104,2,1,9672,9672
93,104,3,0,9672,9672
93,104,3,1,9672,9672
93,104,4,0,9672,9664
93,104,4,1,9672,9680
93,104,5,0,9672,9664
93,104,5,1,9672,9664
93,104,6,0,9672,9664
93,104,6,1,9672,9664
-108,-113,0,0,12204,12204
-108,-113,0,1,12204,12204
-108,-113,1,0,12204,12204
-108,-113,1,1,12204,12204
-108,-113,2,0,12204,12204
-108,-113,2,1,12204,12204
-108,-113,3,0,12204,12200
-108,-113,3,1,12204,12208
-108,-113,4,0,12204,12192
-108,-113,4,1,12204,12208
-108,-113,5,0,12204,12192
-108,-113,5,1,12204,12192
-108,-113,6,0,12204,12160
-108,-113,6,1,12204,12224
16,-111,0,0,-1776,-1776
16,-111,0,1,-1776,-1776
16,-111,1,0,-1776,-1776
16,-111,1,1,-1776,-1776
16,-111,2,0,-1776,-1776
16,-111,2,1,-1776,-1776
16,-111,3,0,-1776,-1776
16,-111,3,1,-1776,-1776
16,-111,4,0,-1776,-1776
16,-111,4,1,-1776,-1776
16,-111,5,0,-1776,-1792
16,-111,5,1,-1776,-1760
16,-111,6,0,-1776,-1792
16,-111,6,1,-1776,-1792
59,120,0,0,7080,7080
59,120,0,1,7080,7080
59,120,1,0,7080,7080
59,120,1,1,7080,7080
59,120,2,0,7080,7080
59,120,2,1,7080,7080
59,120,3,0,7080,7080
59,120,3,1,7080,7080
59,120,4,0,7080,7072
59,120,4,1,7080,7088
59,120,5,0,7080,7072
59,120,5,1,7080,7072
59,120,6,0,7080,7040
59,120,6,1,7080,7104
-44,-85,0,0,3740,3740
-44,-85,0,1,3740,3740
-44,-85,1,0,3740,3740
-44,-85,1,1,3740,3740
-44,-85,2,0,3740,3740
-44,-85,2,1,3740,3740
-44,-85,3,0,3740,3736
-44,-85,3,1,3740,3744
-44,-85,4,0,3740,3728
-44,-85,4,1,3740,3744
-44,-85,5,0,3740,3712
-44,-85,5,1,3740,3744
-44,-85,6,0,3740,3712
-44,-85,6,1,3740,3712
53,-67,0,0,-3551,-3551
53,-67,0,1,-3551,-3551
53,-67,1,0,-3551,-3552
53,-67,1,1,-3551,-3550
53,-67,2,0,-3551,-3552
53,-67,2,1,-3551,-3552
53,-67,3,0,-3551,-3552
53,-67,3,1,-3551,-3552
53,-67,4,0,-3551,-3552
53,-67,4,1,-3551,-3552
53,-67,5,0,-3551,-3552
53,-67,5,1,-3551,-3552
53,-67,6,0,-3551,-3584
53,-67,6,1,-3551,-3520
35,-9,0,0,-315,-315
35,-9,0,1,-315,-315
35,-9,1,0,-315,-316
35,-9,1,1,-315,-314
35,-9,2,0,-315,-316
35,-9,2,1,-315,-316
35,-9,3,0,-315,-320
35,-9,3,1,-315,-312
35,-9,4,0,-315,-320
35,-9,4,1,-315,-320
35,-9,5,0,-315,-320
35,-9,5,1,-315,-320
35,-9,6,0,-315,-320
35,-9,6,1,-315,-320
-51,84,0,0,-4284,-4284
-51,84,0,1,-4284,-4284
-51,84,1,0,-4284,-4284
-51,84,1,1,-4284,-4284
-51,84,2,0,-4284,-4284
-51,84,2,1,-4284,-4284
-51,84,3,0,-4284,-4288
-51,84,3,1,-4284,-4280
-51,84,4,0,-4284,-4288
-51,84,4,1,-4284,-4288
-51,84,5,0,-4284,-4288
-51,84,5,1,-4284,-4288
-51,84,6,0,-4284,-4288
-51,84,6,1,-4284,-4288
-1,124,0,0,-124,-124
-1,124,0,1,-124,-124
-1,124,1,0,-124,-124
-1,124,1,1,-124,-124
-1,124,2,0,-124,-124
-1,124,2,1,-124,-124
-1,124,3,0,-124,-128
-1,124,3,1,-124,-120
-1,124,4,0,-124,-128
-1,124,4,1,-124,-128
-1,124,5,0,-124,-128
-1,124,5,1,-124,-128
-1,124,6,0,-124,-128
-1,124,6,1,-124,-128
6,-118,0,0,-708,-708
6,-118,0,1,-708,-708
6,-118,1,0,-708,-708
6,-118,1,1,-708,-708
6,-118,2,0,-708,-708
6,-118,2,1,-708,-708
6,-118,3,0,-708,-712
6,-118,3,1,-708,-704
6,-118,4,0,-708,-720
6,-118,4,1,-708,-704
6,-118,5,0,-708,-736
6,-118,5,1,-708,-704
6,-118,6,0,-708,-768
6,-118,6,1,-708,-704
-101,-54,0,0,5454,5454
-101,-54,0,1,5454,5454
-101,-54,1,0,5454,5454
-101,-54,1,1,5454,5454
-101,-54,2,0,5454,5452
-101,-54,2,1,5454,5456
-101,-54,3,0,5454,5448
-101,-54,3,1,5454,5456
-101,-54,4,0,5454,5440
-101,-54,4,1,5454,5456
-101,-54,5,0,5454,5440
-101,-54,5,1,5454,5440
-101,-54,6,0,5454,5440
-101,-54,6,1,5454,5440
69,81,0,0,5589,5589
69,81,0,1,5589,5589
69,81,1,0,5589,5588
69,81,1,1,5589,5590
69,81,2,0,5589,5588
69,81,2,1,5589,5588
69,81,3,0,5589,5584
69,81,3,1,5589,5592
69,81,4,0,5589,5584
69,81,4,1,5589,5584
69,81,5,0,5589,5568
69,81,5,1,5589,5600
69,81,6,0,5589,5568
69,81,6,1,5589,5568
-90,55,0,0,-4950,-4950
-90,55,0,1,-4950,-4950
-90,55,1,0,-4950,-4950
-90,55,1,1,-4950,-4950
-90,55,2,0,-4950,-4952
-90,55,2,1,-4950,-4948
-90,55,3,0,-4950,-4952
-90,55,3,1,-4950,-4952
-90,55,4,0,-4950,-4960
-90,55,4,1,-4950,-4944
-90,55,5,0,-4950,-4960
-90,55,5,1,-4950,-4960
-90,55,6,0,-4950,-4992
-90,55,6,1,-4950,-4928
-121,111,0,0,-13431,-13431
-121,111,0,1,-13431,-13431
-121,111,1,0,-13431,-13432
-121,111,1,1,-13431,-13430
-121,111,2,0,-13431,-13432
-121,111,2,1,-13431,-13432
-121,111,3,0,-13431,-13432
-121,111,3,1,-13431,-13432
-121,111,4,0,-13431,-13440
-121,111,4,1,-13431,-13424
-121,111,5,0,-13431,-13440
-121,111,5,1,-13431,-13440
-121,111,6,0,-13431,-13440
-121,111,6,1,-13431,-13440
-91,75,0,0,-6825,-6825
-91,75,0,1,-6825,-6825
-91,75,1,0,-6825,-6826
-91,75,1,1,-6825,-6824
-91,75,2,0,-6825,-6828
-91,75,2,1,-6825,-6824
-91,75,3,0,-6825,-6832
-91,75,3,1,-6825,-6824
-91,75,4,0,-6825,-6832
-91,75,4,1,-6825,-6832
-91,75,5,0,-6825,-6848
-91,75,5,1,-6825,-6816
-91,75,6,0,-6825,-6848
-91,75,6,1,-6825,-6848
117,3,0,0,351,351
117,3,0,1,351,351
117,3,1,0,351,350
117,3,1,1,351,352
117,3,2,0,351,348
117,3,2,1,351,352
117,3,3,0,351,344
117,3,3,1,351,352
117,3,4,0,351,336
117,3,4,1,351,352
117,3,5,0,351,320
117,3,5,1,351,352
117,3,6,0,351,320
117,3,6,1,351,320
-26,-42,0,0,1092,1092
-26,-42,0,1,1092,1092
-26,-42,1,0,1092,1092
-26,-42,1,1,1092,1092
-26,-42,2,0,1092,1092
-26,-42,2,1,1092,1092
-26,-42,3,0,1092,1088
-26,-42,3,1,1092,1096
-26,-42,4,0,1092,1088
-26,-42,4,1,1092,1088
-26,-42,5,0,1092,1088
-26,-42,5,1,1092,1088
-26,-42,6,0,1092,1088
-26,-42,6,1,1092,1088
-84,-85,0,0,7140,7140
-84,-85,0,1,7140,7140
-84,-85,1,0,7140,7140
-84,-85,1,1,7140,7140
-84,-85,2,0,7140,7140
-84,-85,2,1,7140,7140
-84,-85,3,0,7140,7136
-84,-85,3,1,7140,7144
-84,-85,4,0,7140,7136
-84,-85,4,1,7140,7136
-84,-85,5,0,7140,7136
-84,-85,5,1,7140,7136
-84,-85,6,0,7140,7104
-84,-85,6,1,7140,7168
-42,25,0,0,-1050,-1050
-42,25,0,1,-1050,-1050
-42,25,1,0,-1050,-1050
-42,25,1,1,-1050,-1050
-42,25,2,0,-1050,-1052
-42,25,2,1,-1050,-1048
-42,25,3,0,-1050,-1056
-42,25,3,1,-1050,-1048
-42,25,4,0,-1050,-1056
-42,25,4,1,-1050,-1056
-42,25,5,0,-1050,-1056
-42,25,5,1,-1050,-1056
-42,25,6,0,-1050,-1088
-42,25,6,1,-1050,-1024
-56,-30,0,0,1680,1680
-56,-30,0,1,1680,1680
-56,-30,1,0,1680,1680
-56,-30,1,1,1680,1680
-56,-30,2,0,1680,1680
-56,-30,2,1,1680,1680
-56,-30,3,0,1680,1680
-56,-30,3,1,1680,1680
-56,-30,4,0,1680,1680
-56,-30,4,1,1680,1680
-56,-30,5,0,1680,1664
-56,-30,5,1,1680,1696
-56,-30,6,0,1680,1664
-56,-30,6,1,1680,1664
101,96,0,0,9696,9696
101,96,0,1,9696,9696
101,96,1,0,9696,9696
101,96,1,1,9696,9696
101,96,2,0,9696,9696
101,96,2,1,9696,9696
101,96,3,0,9696,9696
101,96,3,1,9696,9696
101,96,4,0,9696,9696
101,96,4,1,9696,9696
101,96,5,0,9696,9696
101,96,5,1,9696,9696
101,96,6,0,9696,9664
101,96,6,1,9696,9728
33,-56,0,0,-1848,-1848
33,-56,0,1,-1848,-1848
33,-56,1,0,-1848,-1848
33,-56,1,1,-1848,-1848
33,-56,2,0,-1848,-1848
33,-56,2,1,-1848,-1848
33,-56,3,0,-1848,-1848
33,-56,3,1,-1848,-1848
33,-56,4,0,-1848,-1856
33,-56,4,1,-1848,-1840
33,-56,5,0,-1848,-1856
33,-56,5,1,-1848,-1856
33,-56,6,0,-1848,-1856
33,-56,6,1,-1848,-1856
-48,101,0,0,-4848,-4848
-48,101,0,1,-4848,-4848
-48,101,1,0,-4848,-4848
-48,101,1,1,-4848,-4848
-48,101,2,0,-4848,-4848
-48,101,2,1,-4848,-4848
-48,101,3,0,-4848,-4848
-48,101,3,1,-4848,-4848
-48,101,4,0,-4848,-4848
-48,101,4,1,-4848,-4848
-48,101,5,0,-4848,-4864
-48,101,5,1,-4848,-4832
-48,101,6,0,-4848,-4864
-48,101,6,1,-4848,-4864
63,51,0,0,3213,3213
63,51,0,1,3213,3213
63,51,1,0,3213,3212
63,51,1,1,3213,3214
63,51,2,0,3213,3212
63,51,2,1,3213,3212
63,51,3,0,3213,3208
63,51,3,1,3213,3216
63,51,4,0,3213,3200
63,51,4,1,3213,3216
63,51,5,0,3213,3200
63,51,5,1,3213,3200
63,51,6,0,3213,3200
63,51,6,1,3213,3200
-54,-33,0,0,1782,1782
-54,-33,0,1,1782,1782
-54,-33,1,0,1782,1782
-54,-33,1,1,1782,1782
-54,-33,2,0,1782,1780
-54,-33,2,1,1782,1784
-54,-33,3,0,1782,1776
-54,-33,3,1,1782,1784
-54,-33,4,0,1782,1776
-54,-33,4,1,1782,1776
-54,-33,5,0,1782,1760
-54,-33,5,1,1782,1792
-54,-33,6,0,1782,1728
-54,-33,6,1,1782,1792
109,-42,0,0,-4578,-4578
109,-42,0,1,-4578,-4578
109,-42,1,0,-4578,-4578
109,-42,1,1,-4578,-4578
109,-42,2,0,-4578,-4580
109,-42,2,1,-4578,-4576
109,-42,3,0,-4578,-4584
109,-42,3,1,-4578,-4576
109,-42,4,0,-4578,-4592
109,-42,4,1,-4578,-4576
109,-42,5,0,-4578,-4608
109,-42,5,1,-4578,-4576
109,-42,6,0,-4578,-4608
109,-42,6,1,-4578,-4608
88,-19,0,0,-1672,-1672
88,-19,0,1,-1672,-1672
88,-19,1,0,-1672,-1672
88,-19,1,1,-1672,-1672
88,-19,2,0,-1672,-1672
88,-19,2,1,-1672,-1672
88,-19,3,0,-1672,-1672
88,-19,3,1,-1672,-1672
88,-19,4,0,-1672,-1680
88,-19,4,1,-1672,-1664
88,-19,5,0,-1672,-1696
88,-19,5,1,-1672,-1664
88,-19,6,0,-1672,-1728
88,-19,6,1,-1672,-1664
-95,-90,0,0,8550,8550
-95,-90,0,1,8550,8550
-95,-90,1,0,8550,8550
-95,-90,1,1,8550,8550
-95,-90,2,0,8550,8548
-95,-90,2,1,8550,8552
-95,-90,3,0,8550,8544
-95,-90,3,1,8550,8552
-95,-90,4,0,8550,8544
-95,-90,4,1,8550,8544
-95,-90,5,0,8550,8544
-95,-90,5,1,8550,8544
-95,-90,6,0,8550,8512
-95,-90,6,1,8550,8576
-62,35,0,0,-2170,-2170
-62,35,0,1,-2170,-2170
-62,35,1,0,-2170,-2170
-62,35,1,1,-2170,-2170
-62,35,2,0,-2170,-2172
-62,35,2,1,-2170,-2168
-62,35,3,0,-2170,-2176
-62,35,3,1,-2170,-2168
-62,35,4,0,-2170,-2176
-62,35,4,1,-2170,-2176
-62,35,5,0,-2170,-2176
-62,35,5,1,-2170,-2176
-62,35,6,0,-2170,-2176
-62,35,6,1,-2170,-2176
97,-114,0,0,-11058,-11058
97,-114,0,1,-11058,-11058
97,-114,1,0,-11058,-11058
97,-114,1,1,-11058,-11058
97,-114,2,0,-11058,-11060
97,-114,2,1,-11058,-11056
97,-114,3,0,-11058,-11064
97,-114,3,1,-11058,-11056
97,-114,4,0,-11058,-11072
97,-114,4,1,-11058,-11056
97,-114,5,0,-11058,-11072
97,-114,5,1,-11058,-11072
97,-114,6,0,-11058,-11072
97,-114,6,1,-11058,-11072
-68,-90,0,0,6120,6120
-68,-90,0,1,6120,6120
-68,-90,1,0,6120,6120
-68,-90,1,1,6120,6120
-68,-90,2,0,6120,6120
-68,-90,2,1,6120,6120
-68,-90,3,0,6120,6120
-68,-90,3,1,6120,6120
-68,-90,4,0,6120,6112
-68,-90,4,1,6120,6128
-68,-90,5,0,6120,6112
-68,-90,5,1,6120,6112
-68,-90,6,0,6120,6080
-68,-90,6,1,6120,6144
60,-78,0,0,-4680,-4680
60,-78,0,1,-4680,-4680
60,-78,1,0,-4680,-4680
60,-78,1,1,-4680,-4680
60,-78,2,0,-4680,-4680
60,-78,2,1,-4680,-4680
60,-78,3,0,-4680,-4680
60,-78,3,1,-4680,-4680
60,-78,4,0,-4680,-4688
60,-78,4,1,-4680,-4672
60,-78,5,0,-4680,-4704
60,-78,5,1,-4680,-4672
60,-78,6,0,-4680,-4736
60,-78,6,1,-4680,-4672
4,9,0,0,36,36
4,9,0,1,36,36
4,9,1,0,36,36
4,9,1,1,36,36
4,9,2,0,36,36
4,9,2,1,36,36
4,9,3,0,36,32
4,9,3,1,36,40
4,9,4,0,36,32
4,9,4,1,36,32
4,9,5,0,36,32
4,9,5,1,36,32
4,9,6,0,36,0
4,9,6,1,36,64
79,-38,0,0,-3002,-3002
79,-38,0,1,-3002,-3002
79,-38,1,0,-3002,-3002
79,-38,1,1,-3002,-3002
79,-38,2,0,-3002,-3004
79,-38,2,1,-3002,-3000
79,-38,3,0,-3002,-3008
79,-38,3,1,-3002,-3000
79,-38,4,0,-3002,-3008
79,-38,4,1,-3002,-3008
79,-38,5,0,-3002,-3008
79,-38,5,1,-3002,-3008
79,-38,6,0,-3002,-3008
79,-38,6,1,-3002,-3008
-27,76,0,0,-2052,-2052
-27,76,0,1,-2052,-2052
-27,76,1,0,-2052,-2052
-27,76,1,1,-2052,-2052
-27,76,2,0,-2052,-2052
-27,76,2,1,-2052,-2052
-27,76,3,0,-2052,-2056
-27,76,3,1,-2052,-2048
-27,76,4,0,-2052,-2064
-27,76,4,1,-2052,-2048
-27,76,5,0,-2052,-2080
-27,76,5,1,-2052,-2048
-27,76,6,0,-2052,-2112
-27,76,6,1,-2052,-2048
-110,-37,0,0,4070,4070
-110,-37,0,1,4070,4070
-110,-37,1,0,4070,4070
-110,-37,1,1,4070,4070
-110,-37,2,0,4070,4068
-110,-37,2,1,4070,4072
-110,-37,3,0,4070,4064
-110,-37,3,1,4070,4072
-110,-37,4,0,4070,4064
-110,-37,4,1,4070,4064
-110,-37,5,0,4070,4064
-110,-37,5,1,4070,4064
-110,-37,6,0,4070,4032
-110,-37,6,1,4070,4096
0,78,0,0,0,0
0,78,0,1,0,0
0,78,1,0,0,0
0,78,1,1,0,0
0,78,2,0,0,0
0,78,2,1,0,0
0,78,3,0,0,0
0,78,3,1,0,0
0,78,4,0,0,0
0,78,4,1,0,0
0,78,5,0,0,0
0,78,5,1,0,0
0,78,6,0,0,0
0,78,6,1,0,0
-11,72,0,0,-792,-792
-11,72,0,1,-792,-792
-11,72,1,0,-792,-792
-11,72,1,1,-792,-792
-11,72,2,0,-792,-792
-11,72,2,1,-792,-792
-11,72,3,0,-792,-792
-11,72,3,1,-792,-792
-11,72,4,0,-792,-800
-11,72,4,1,-792,-784
-11,72,5,0,-792,-800
-11,72,5,1,-792,-800
-11,72,6,0,-792,-832
-11,72,6,1,-792,-768
-47,7,0,0,-329,-329
-47,7,0,1,-329,-329
-47,7,1,0,-329,-330
-47,7,1,1,-329,-328
-47,7,2,0,-329,-332
-47,7,2,1,-329,-328
-47,7,3,0,-329,-336
-47,7,3,1,-329,-328
-47,7,4,0,-329,-336
-47,7,4,1,-329,-336
-47,7,5,0,-329,-352
-47,7,5,1,-329,-320
-47,7,6,0,-329,-384
-47,7,6,1,-329,-320
71,52,0,0,3692,3692
71,52,0,1,3692,3692
71,52,1,0,3692,3692
71,52,1,1,3692,3692
71,52,2,0,3692,3692
71,52,2,1,3692,3692
71,52,3,0,3692,3688
71,52,3,1,3692,3696
71,52,4,0,3692,3680
71,52,4,1,3692,3696
71,52,5,0,3692,3680
71,52,5,1,3692,3680
71,52,6,0,3692,3648
71,52,6,1,3692,3712
11,-49,0,0,-539,-539
11,-49,0,1,-539,-539
11,-49,1,0,-539,-540
11,-49,1,1,-539,-538
11,-49,2,0,-539,-540
11,-49,2,1,-539,-540
11,-49,3,0,-539,-544
11,-49,3,1,-539,-536
11,-49,4,0,-539,-544
11,-49,4,1,-539,-544
11,-49,5,0,-539,-544
11,-49,5,1,-539,-544
11,-49,6,0,-539,-576
11,-49,6,1,-539,-512
55,18,0,0,990,990
55,18,0,1,990,990
55,18,1,0,990,990
55,18,1,1,990,990
55,18,2,0,990,988
55,18,2,1,990,992
55,18,3,0,990,984
55,18,3,1,990,992
55,18,4,0,990,976
55,18,4,1,990,992
55,18,5,0,990,960
55,18,5,1,990,992
55,18,6,0,990,960
55,18,6,1,990,960
84,-84,0,0,-7056,-7056
84,-84,0,1,-7056,-7056
84,-84,1,0,-7056,-7056
84,-84,1,1,-7056,-7056
84,-84,2,0,-7056,-7056
84,-84,2,1,-7056,-7056
84,-84,3,0,-7056,-7056
84,-84,3,1,-7056,-7056
84,-84,4,0,-7056,-7056
84,-84,4,1,-7056,-7056
84,-84,5,0,-7056,-7072
84,-84,5,1,-7056,-7040
84,-84,6,0,-7056,-7104
84,-84,6,1,-7056,-7040
-49,-25,0,0,1225,1225
-49,-25,0,1,1225,1225
-49,-25,1,0,1225,1224
-49,-25,1,1,1225,1226
-49,-25,2,0,1225,1224
-49,-25,2,1,1225,1224
-49,-25,3,0,1225,1224
-49,-25,3,1,1225,1224
-49,-25,4,0,1225,1216
-49,-25,4,1,1225,1232
-49,-25,5,0,1225,1216
-49,-25,5,1,1225,1216
-49,-25,6,0,1225,1216
-49,-25,6,1,1225,1216
106,119,0,0,12614,12614
106,119,0,1,12614,12614
106,119,1,0,12614,12614
106,119,1,1,12614,12614
106,119,2,0,12614,12612
106,119,2,1,12614,12616
106,119,3,0,12614,12608
106,119,3,1,12614,12616
106,119,4,0,12614,12608
106,119,4,1,12614,12608
106,119,5,0,12614,12608
106,119,5,1,12614,12608
106,119,6,0,12614,12608
106,119,6,1,12614,12608
-67,35,0,0,-2345,-2345
-67,35,0,1,-2345,-2345
-67,35,1,0,-2345,-2346
-67,35,1,1,-2345,-2344
-67,35,2,0,-2345,-2348
-67,35,2,1,-2345,-2344
-67,35,3,0,-2345,-2352
-67,35,3,1,-2345,-2344
-67,35,4,0,-2345,-2352
-67,35,4,1,-2345,-2352
-67,35,5,0,-2345,-2368
-67,35,5,1,-2345,-2336
-67,35,6,0,-2345,-2368
-67,35,6,1,-2345,-2368
-90,-41,0,0,3690,3690
-90,-41,0,1,3690,3690
-90,-41,1,0,3690,3690
-90,-41,1,1,3690,3690
-90,-41,2,0,3690,3688
-90,-41,2,1,3690,3692
-90,-41,3,0,3690,3688
-90,-41,3,1,3690,3688
-90,-41,4,0,3690,3680
-90,-41,4,1,3690,3696
-90,-41,5,0,3690,3680
-90,-41,5,1,3690,3680
-90,-41,6,0,3690,3648
-90,-41,6,1,3690,3712
-79,89,0,0,-7031,-7031
-79,89,0,1,-7031,-7031
-79,89,1,0,-7031,-7032
-79,89,1,1,-7031,-7030
-79,89,2,0,-7031,-7032
-79,89,2,1,-7031,-7032
-79,89,3,0,-7031,-7032
-79,89,3,1,-7031,-7032
-79,89,4,0,-7031,-7040
-79,89,4,1,-7031,-7024
-79,89,5,0,-7031,-7040
-79,89,5,1,-7031,-7040
-79,89,6,0,-7031,-7040
-79,89,6,1,-7031,-7040
-60,-7,0,0,420,420
-60,-7,0,1,420,420
-60,-7,1,0,420,420
-60,-7,1,1,420,420
-60,-7,2,0,420,420
-60,-7,2,1,420,420
-60,-7,3,0,420,416
-60,-7,3,1,420,424
-60,-7,4,0,420,416
-60,-7,4,1,420,416
-60,-7,5,0,420,416
-60,-7,5,1,420,416
-60,-7,6,0,420,384
-60,-7,6,1,420,448
114,-31,0,0,-3534,-3534
114,-31,0,1,-3534,-3534
114,-31,1,0,-3534,-3534
114,-31,1,1,-3534,-3534
114,-31,2,0,-3534,-3536
114,-31,2,1,-3534,-3532
114,-31,3,0,-3534,-3536
114,-31,3,1,-3534,-3536
114,-31,4,0,-3534,-3536
114,-31,4,1,-3534,-3536
114,-31,5,0,-3534,-3552
114,-31,5,1,-3534,-3520
114,-31,6,0,-3534,-3584
114,-31,6,1,-3534,-3520
-2,125,0,0,-250,-250
-2,125,0,1,-250,-250
-2,125,1,0,-250,-250
-2,125,1,1,-250,-250
-2,125,2,0,-250,-252
-2,125,2,1,-250,-248
-2,125,3,0,-250,-256
-2,125,3,1,-250,-248
-2,125,4,0,-250,-256
-2,125,4,1,-250,-256
-2,125,5,0,-250,-256
-2,125,5,1,-250,-256
-2,125,6,0,-250,-256
-2,125,6,1,-250,-256
-79,46,0,0,-3634,-3634
-79,46,0,1,-3634,-3634
-79,46,1,0,-3634,-3634
-79,46,1,1,-3634,-3634
-79,46,2,0,-3634,-3636
-79,46,2,1,-3634,-3632
-79,46,3,0,-3634,-3640
-79,46,3,1,-3634,-3632
-79,46,4,0,-3634,-3648
-79,46,4,1,-3634,-3632
-79,46,5,0,-3634,-3648
-79,46,5,1,-3634,-3648
-79,46,6,0,-3634,-3648
-79,46,6,1,-3634,-3648
-26,-32,0,0,832,832
-26,-32,0,1,832,832
-26,-32,1,0,832,832
-26,-32,1,1,832,832
-26,-32,2,0,832,832
-26,-32,2,1,832,832
-26,-32,3,0,832,832
-26,-32,3,1,832,832
-26,-32,4,0,832,832
-26,-32,4,1,832,832
-26,-32,5,0,832,832
-26,-32,5,1,832,832
-26,-32,6,0,832,832
-26,-32,6,1,832,832
33,-83,0,0,-2739,-2739
33,-83,0,1,-2739,-2739
33,-83,1,0,-2739,-2740
33,-83,1,1,-2739,-2738
33,-83,2,0,-2739,-2740
33,-83,2,1,-2739,-2740
33,-83,3,0,-2739,-2744
33,-83,3,1,-2739,-2736
33,-83,4,0,-2739,-2752
33,-83,4,1,-2739,-2736
33,-83,5,0,-2739,-2752
33,-83,5,1,-2739,-2752
33,-83,6,0,-2739,-2752
33,-83,6,1,-2739,-2752
61,87,0,0,5307,5307
61,87,0,1,5307,5307
61,87,1,0,5307,5306
61,87,1,1,5307,5308
61,87,2,0,5307,5304
61,87,2,1,5307,5308
61,87,3,0,5307,5304
61,87,3,1,5307,5304
61,87,4,0,5307,5296
61,87,4,1,5307,5312
61,87,5,0,5307,5280
61,87,5,1,5307,5312
61,87,6,0,5307,5248
61,87,6,1,5307,5312
14,-11,0,0,-154,-154
14,-11,0,1,-154,-154
14,-11,1,0,-154,-154
14,-11,1,1,-154,-154
14,-11,2,0,-154,-156
14,-11,2,1,-154,-152
14,-11,3,0,-154,-160
14,-11,3,1,-154,-152
14,-11,4,0,-154,-160
14,-11,4,1,-154,-160
14,-11,5,0,-154,-160
14,-11,5,1,-154,-160
14,-11,6,0,-154,-192
14,-11,6,1,-154,-128
3,-41,0,0,-123,-123
3,-41,0,1,-123,-123
3,-41,1,0,-123,-124
3,-41,1,1,-123,-122
3,-41,2,0,-123,-124
3,-41,2,1,-123,-124
3,-41,3,0,-123,-128
3,-41,3,1,-123,-120
3,-41,4,0,-123,-128
3,-41,4,1,-123,-128
3,-41,5,0,-123,-128
3,-41,5,1,-123,-128
3,-41,6,0,-123,-128
3,-41,6,1,-123,-128
-113,-128,0,0,14464,14464
-113,-128,0,1,14464,14464
-113,-128,1,0,14464,14464
-113,-128,1,1,14464,14464
-113,-128,2,0,14464,14464
-113,-128,2,1,14464,14464
-113,-128,3,0,14464,14464
-113,-128,3,1,14464,14464
-113,-128,4,0,14464,14464
-113,-128,4,1,14464,14464
-113,-128,5,0,14464,14464
-113,-128,5,1,14464,14464
-113,-128,6,0,14464,14464
-113,-128,6,1,14464,14464
-36,-119,0,0,4284,4284
-36,-119,0,1,4284,4284
-36,-119,1,0,4284,4284
-36,-119,1,1,4284,4284
-36,-119,2,0,4284,4284
-36,-119,2,1,4284,4284
-36,-119,3,0,4284,4280
-36,-119,3,1,4284,4288
-36,-119,4,0,4284,4272
-36,-119,4,1,4284,4288
-36,-119,5,0,4284,4256
-36,-119,5,1,4284,4288
-36,-119,6,0,4284,4224
-36,-119,6,1,4284,4288
-32,-26,0,0,832,832
-32,-26,0,1,832,832
-32,-26,1,0,832,832
-32,-26,1,1,832,832
-32,-26,2,0,832,832
-32,-26,2,1,832,832
-32,-26,3,0,832,832
-32,-26,3,1,832,832
-32,-26,4,0,832,832
-32,-26,4,1,832,832
-32,-26,5,0,832,832
-32,-26,5,1,832,832
-32,-26,6,0,832,832
-32,-26,6,1,832,832
24,-103,0,0,-2472,-2472
24,-103,0,1,-2472,-2472
24,-103,1,0,-2472,-2472
24,-103,1,1,-2472,-2472
24,-103,2,0,-2472,-2472
24,-103,2,1,-2472,-2472
24,-103,3,0,-2472,-2472
24,-103,3,1,-2472,-2472
24,-103,4,0,-2472,-2480
24,-103,4,1,-2472,-2464
24,-103,5,0,-2472,-2496
24,-103,5,1,-2472,-2464
24,-103,6,0,-2472,-2496
24,-103,6,1,-2472,-2496
-5,67,0,0,-335,-335
-5,67,0,1,-335,-335
-5,67,1,0,-335,-336
-5,67,1,1,-335,-334
-5,67,2,0,-335,-336
-5,67,2,1,-335,-336
-5,67,3,0,-335,-336
-5,67,3,1,-335,-336
-5,67,4,0,-335,-336
-5,67,4,1,-335,-336
-5,67,5,0,-335,-352
-5,67,5,1,-335,-320
-5,67,6,0,-335,-384
-5,67,6,1,-335,-320
-42,-112,0,0,4704,4704
-42,-112,0,1,4704,4704
-42,-112,1,0,4704,4704
-42,-112,1,1,4704,4704
-42,-112,2,0,4704,4704
-42,-112,2,1,4704,4704
-42,-112,3,0,4704,4704
-42,-112,3,1,4704,4704
-42,-112,4,0,4704,4704
-42,-112,4,1,4704,4704
-42,-112,5,0,4704,4704
-42,-112,5,1,4704,4704
-42,-112,6,0,4704,4672
-42,-112,6,1,4704,4736
-124,32,0,0,-3968,-3968
-124,32,0,1,-3968,-3968
-124,32,1,0,-3968,-3968
-124,32,1,1,-3968,-3968
-124,32,2,0,-3968,-3968
-124,32,2,1,-3968,-3968
-124,32,3,0,-3968,-3968
-124,32,3,1,-3968,-3968
-124,32,4,0,-3968,-3968
-124,32,4,1,-3968,-3968
-124,32,5,0,-3968,-3968
-124,32,5,1,-3968,-3968
-124,32,6,0,-3968,-3968
-124,32,6,1,-3968,-3968
-23,-102,0,0,2346,2346
-23,-102,0,1,2346,2346
-23,-102,1,0,2346,2346
-23,-102,1,1,2346,2346
-23,-102,2,0,2346,2344
-23,-102,2,1,2346,2348
-23,-102,3,0,2346,2344
-23,-102,3,1,2346,2344
-23,-102,4,0,2346,2336
-23,-102,4,1,2346,2352
-23,-102,5,0,2346,2336
-23,-102,5,1,2346,2336
-23,-102,6,0,2346,2304
-23,-102,6,1,2346,2368
-25,116,0,0,-2900,-2900
-25,116,0,1,-2900,-2900
-25,116,1,0,-2900,-2900
-25,116,1,1,-2900,-2900
-25,116,2,0,-2900,-2900
-25,116,2,1,-2900,-2900
-25,116,3,0,-2900,-2904
-25,116,3,1,-2900,-2896
-25,116,4,0,-2900,-2912
-25,116,4,1,-2900,-2896
-25,116,5,0,-2900,-2912
-25,116,5,1,-2900,-2912
-25,116,6,0,-2900,-2944
-25,116,6,1,-2900,-2880
-30,-103,0,0,3090,3090
-30,-103,0,1,3090,3090
-30,-103,1,0,3090,3090
-30,-103,1,1,3090,3090
-30,-103,2,0,3090,3088
-30,-103,2,1,3090,3092
-30,-103,3,0,3090,3088
-30,-103,3,1,3090,3088
-30,-103,4,0,3090,3088
-30,-103,4,1,3090,3088
-30,-103,5,0,3090,3072
-30,-103,5,1,3090,3104
-30,-103,6,0,3090,3072
-30,-103,6,1,3090,3072
75,95,0,0,7125,7125
75,95,0,1,7125,7125
75,95,1,0,7125,7124
75,95,1,1,7125,7126
75,95,2,0,7125,7124
75,95,2,1,7125,7124
75,95,3,0,7125,7120
75,95,3,1,7125,7128
75,95,4,0,7125,7120
75,95,4,1,7125,7120
75,95,5,0,7125,7104
75,95,5,1,7125,7136
75,95,6,0,7125,7104
75,95,6,1,7125,7104
92,-118,0,0,-10856,-10856
92,-118,0,1,-10856,-10856
92,-118,1,0,-10856,-10856
92,-118,1,1,-10856,-10856
92,-118,2,0,-10856,-10856
92,-118,2,1,-10856,-10856
92,-118,3,0,-10856,-10856
92,-118,3,1,-10856,-10856
92,-118,4,0,-10856,-10864
92,-118,4,1,-10856,-10848
92,-118,5,0,-10856,-10880
92,-118,5,1,-10856,-10848
92,-118,6,0,-10856,-10880
92,-118,6,1,-10856,-10880
-101,71,0,0,-7171,-7171
-101,71,0,1,-7171,-7171
-101,71,1,0,-7171,-7172
-101,71,1,1,-7171,-7170
-101,71,2,0,-7171,-7172
-101,71,2,1,-7171,-7172
-101,71,3,0,-7171,-7176
-101,71,3,1,-7171,-7168
-101,71,4,0,-7171,-7184
-101,71,4,1,-7171,-7168
-101,71,5,0,-7171,-7200
-101,71,5,1,-7171,-7168
-101,71,6,0,-7171,-7232
-101,71,6,1,-7171,-7168
81,-11,0,0,-891,-891
81,-11,0,1,-891,-891
81,-11,1,0,-891,-892
81,-11,1,1,-891,-890
81,-11,2,0,-891,-892
81,-11,2,1,-891,-892
81,-11,3,0,-891,-896
81,-11,3,1,-891,-888
81,-11,4,0,-891,-896
81,-11,4,1,-891,-896
81,-11,5,0,-891,-896
81,-11,5,1,-891,-896
81,-11,6,0,-891,-896
81,-11,6,1,-891,-896
-53,-38,0,0,2014,2014
-53,-38,0,1,2014,2014
-53,-38,1,0,2014,2014
-53,-38,1,1,2014,2014
-53,-38,2,0,2014,2012
-53,-38,2,1,2014,2016
-53,-38,3,0,2014,2008
-53,-38,3,1,2014,2016
-53,-38,4,0,2014,2000
-53,-38,4,1,2014,2016
-53,-38,5,0,2014,1984
-53,-38,5,1,2014,2016
-53,-38,6,0,2014,1984
-53,-38,6,1,2014,1984
-28,21,0,0,-588,-588
-28,21,0,1,-588,-588
-28,21,1,0,-588,-588
-28,21,1,1,-588,-588
-28,21,2,0,-588,-588
-28,21,2,1,-588,-588
-28,21,3,0,-588,-592
-28,21,3,1,-588,-584
-28,21,4,0,-588,-592
-28,21,4,1,-588,-592
-28,21,5,0,-588,-608
-28,21,5,1,-588,-576
-28,21,6,0,-588,-640
-28,21,6,1,-588,-576
114,89,0,0,10146,10146
114,89,0,1,10146,10146
114,89,1,0,10146,10146
114,89,1,1,10146,10146
114,89,2,0,10146,10144
114,89,2,1,10146,10148
114,89,3,0,10146,10144
114,89,3,1,10146,10144
114,89,4,0,10146,10144
114,89,4,1,10146,10144
114,89,5,0,10146,10144
114,89,5,1,10146,10144
114,89,6,0,10146,10112
114,89,6,1,10146,10176
-26,104,0,0,-2704,-2704
-26,104,0,1,-2704,-2704
-26,104,1,0,-2704,-2704
-26,104,1,1,-2704,-2704
-26,104,2,0,-2704,-2704
-26,104,2,1,-2704,-2704
-26,104,3,0,-2704,-2704
-26,104,3,1,-2704,-2704
-26,104,4,0,-2704,-2704
-26,104,4,1,-2704,-2704
-26,104,5,0,-2704,-2720
-26,104,5,1,-2704,-2688
-26,104,6,0,-2704,-2752
-26,104,6,1,-2704,-2688
-46,-106,0,0,4876,4876
-46,-106,0,1,4876,4876
-46,-106,1,0,4876,4876
-46,-106,1,1,4876,4876
-46,-106,2,0,4876,4876
-46,-106,2,1,4876,4876
-46,-106,3,0,4876,4872
-46,-106,3,1,4876,4880
-46,-106,4,0,4876,4864
-46,-106,4,1,4876,4880
-46,-106,5,0,4876,4864
-46,-106,5,1,4876,4864
-46,-106,6,0,4876,4864
-46,-106,6,1,4876,4864
14,59,0,0,826,826
14,59,0,1,826,826
14,59,1,0,826,826
14,59,1,1,826,826
14,59,2,0,826,824
14,59,2,1,826,828
14,59,3,0,826,824
14,59,3,1,826,824
14,59,4,0,826,816
14,59,4,1,826,832
14,59,5,0,826,800
14,59,5,1,826,832
14,59,6,0,826,768
14,59,6,1,826,832
31,-31,0,0,-961,-961
31,-31,0,1,-961,-961
31,-31,1,0,-961,-962
31,-31,1,1,-961,-960
31,-31,2,0,-961,-964
31,-31,2,1,-961,-960
31,-31,3,0,-961,-968
31,-31,3,1,-961,-960
31,-31,4,0,-961,-976
31,-31,4,1,-961,-960
31,-31,5,0,-961,-992
31,-31,5,1,-961,-960
31,-31,6,0,-961,-1024
31,-31,6,1,-961,-960
-108,-103,0,0,11124,11124
-108,-103,0,1,11124,11124
-108,-103,1,0,11124,11124
-108,-103,1,1,11124,11124
-108,-103,2,0,11124,11124
-108,-103,2,1,11124,11124
-108,-103,3,0,11124,11120
-108,-103,3,1,11124,11128
-108,-103,4,0,11124,11120
-108,-103,4,1,11124,11120
-108,-103,5,0,11124,11104
-108,-103,5,1,11124,11136
-108,-103,6,0,11124,11072
-108,-103,6,1,11124,11136
-114,8,0,0,-912,-912
-114,8,0,1,-912,-912
-114,8,1,0,-912,-912
-114,8,1,1,-912,-912
-114,8,2,0,-912,-912
-114,8,2,1,-912,-912
-114,8,3,0,-912,-912
-114,8,3,1,-912,-912
-114,8,4,0,-912,-912
-114,8,4,1,-912,-912
-114,8,5,0,-912,-928
-114,8,5,1,-912,-896
-114,8,6,0,-912,-960
-114,8,6,1,-912,-896
-8,-50,0,0,400,400
-8,-50,0,1,400,400
-8,-50,1,0,400,400
-8,-50,1,1,400,400
-8,-50,2,0,400,400
-8,-50,2,1,400,400
-8,-50,3,0,400,400
-8,-50,3,1,400,400
-8,-50,4,0,400,400
-8,-50,4,1,400,400
-8,-50,5,0,400,384
-8,-50,5,1,400,416
-8,-50,6,0,400,384
-8,-50,6,1,400,384
46,-67,0,0,-3082,-3082
46,-67,0,1,-3082,-3082
46,-67,1,0,-3082,-3082
46,-67,1,1,-3082,-3082
46,-67,2,0,-3082,-3084
46,-67,2,1,-3082,-3080
46,-67,3,0,-3082,-3088
46,-67,3,1,-3082,-3080
46,-67,4,0,-3082,-3088
46,-67,4,1,-3082,-3088
46,-67,5,0,-3082,-3104
46,-67,5,1,-3082,-3072
46,-67,6,0,-3082,-3136
46,-67,6,1,-3082,-3072
-88,-72,0,0,6336,6336
-88,-72,0,1,6336,6336
-88,-72,1,0,6336,6336
-88,-72,1,1,6336,6336
-88,-72,2,0,6336,6336
-88,-72,2,1,6336,6336
-88,-72,3,0,6336,6336
-88,-72,3,1,6336,6336
-88,-72,4,0,6336,6336
-88,-72,4,1,6336,6336
-88,-72,5,0,6336,6336
-88,-72,5,1,6336,6336
-88,-72,6,0,6336,6336
-88,-72,6,1,6336,6336
-56,-103,0,0,5768,5768
-56,-103,0,1,5768,5768
-56,-103,1,0,5768,5768
-56,-103,1,1,5768,5768
-56,-103,2,0,5768,5768
-56,-103,2,1,5768,5768
-56,-103,3,0,5768,5768
-56,-103,3,1,5768,5768
-56,-103,4,0,5768,5760
-56,-103,4,1,5768,5776
-56,-103,5,0,5768,5760
-56,-103,5,1,5768,5760
-56,-103,6,0,5768,5760
-56,-103,6,1,5768,5760
-56,116,0,0,-6496,-6496
-56,116,0,1,-6496,-6496
-56,116,1,0,-6496,-6496
-56,116,1,1,-6496,-6496
-56,116,2,0,-6496,-6496
-56,116,2,1,-6496,-6496
-56,116,3,0,-6496,-6496
-56,116,3,1,-6496,-6496
-56,116,4,0,-6496,-6496
-56,116,4,1,-6496,-6496
-56,116,5,0,-6496,-6496
-56,116,5,1,-6496,-6496
-56,116,6,0,-6496,-6528
-56,116,6,1,-6496,-6464
29,10,0,0,290,290
29,10,0,1,290,290
29,10,1,0,290,290
29,10,1,1,290,290
29,10,2,0,290,288
29,10,2,1,290,292
29,10,3,0,290,288
29,10,3,1,290,288
29,10,4,0,290,288
29,10,4,1,290,288
29,10,5,0,290,288
29,10,5,1,290,288
29,10,6,0,290,256
29,10,6,1,290,320
122,-89,0,0,-10858,-10858
122,-89,0,1,-10858,-10858
122,-89,1,0,-10858,-10858
122,-89,1,1,-10858,-10858
122,-89,2,0,-10858,-10860
122,-89,2,1,-10858,-10856
122,-89,3,0,-10858,-10864
122,-89,3,1,-10858,-10856
122,-89,4,0,-10858,-10864
122,-89,4,1,-10858,-10864
122,-89,5,0,-10858,-10880
122,-89,5,1,-10858,-10848
122,-89,6,0,-10858,-10880
122,-89,6,1,-10858,-10880
100,22,0,0,2200,2200
100,22,0,1,2200,2200
100,22,1,0,2200,2200
100,22,1,1,2200,2200
100,22,2,0,2200,2200
100,22,2,1,2200,2200
100,22,3,0,2200,2200
100,22,3,1,2200,2200
100,22,4,0,2200,2192
100,22,4,1,2200,2208
100,22,5,0,2200,2176
100,22,5,1,2200,2208
100,22,6,0,2200,2176
100,22,6,1,2200,2176
39,-76,0,0,-2964,-2964
39,-76,0,1,-2964,-2964
39,-76,1,0,-2964,-2964
39,-76,1,1,-2964,-2964
39,-76,2,0,-2964,-2964
39,-76,2,1,-2964,-2964
39,-76,3,0,-2964,-2968
39,-76,3,1,-2964,-2960
39,-76,4,0,-2964,-2976
39,-76,4,1,-2964,-2960
39,-76,5,0,-2964,-2976
39,-76,5,1,-2964,-2976
39,-76,6,0,-2964,-3008
39,-76,6,1,-2964,-2944
84,-98,0,0,-8232,-8232
84,-98,0,1,-8232,-8232
84,-98,1,0,-8232,-8232
84,-98,1,1,-8232,-8232
84,-98,2,0,-8232,-8232
84,-98,2,1,-8232,-8232
84,-98,3,0,-8232,-8232
84,-98,3,1,-8232,-8232
84,-98,4,0,-8232,-8240
84,-98,4,1,-8232,-8224
84,-98,5,0,-8232,-8256
84,-98,5,1,-8232,-8224
84,-98,6,0,-8232,-8256
84,-98,6,1,-8232,-8256
54,-46,0,0,-2484,-2484
54,-46,0,1,-2484,-2484
54,-46,1,0,-2484,-2484
54,-46,1,1,-2484,-2484
54,-46,2,0,-2484,-2484
54,-46,2,1,-2484,-2484
54,-46,3,0,-2484,-2488
54,-46,3,1,-2484,-2480
54,-46,4,0,-2484,-2496
54,-46,4,1,-2484,-2480
54,-46,5,0,-2484,-2496
54,-46,5,1,-2484,-2496
54,-46,6,0,-2484,-2496
54,-46,6,1,-2484,-2496
-31,-118,0,0,3658,3658
-31,-118,0,1,3658,3658
-31,-118,1,0,3658,3658
-31,-118,1,1,3658,3658
-31,-118,2,0,3658,3656
-31,-118,2,1,3658,3660
-31,-118,3,0,3658,3656
-31,-118,3,1,3658,3656
-31,-118,4,0,3658,3648
-31,-118,4,1,3658,3664
-31,-118,5,0,3658,3648
-31,-118,5,1,3658,3648
-31,-118,6,0,3658,3648
-31,-118,6,1,3658,3648
-124,-93,0,0,11532,11532
-124,-93,0,1,11532,11532
-124,-93,1,0,11532,11532
-124,-93,1,1,11532,11532
-124,-93,2,0,11532,11532
-124,-93,2,1,11532,11532
-124,-93,3,0,11532,11528
-124,-93,3,1,11532,11536
-124,-93,4,0,11532,11520
-124,-93,4,1,11532,11536
-124,-93,5,0,11532,11520
-124,-93,5,1,11532,11520
-124,-93,6,0,11532,11520
-124,-93,6,1,11532,11520
-62,24,0,0,-1488,-1488
-62,24,0,1,-1488,-1488
-62,24,1,0,-1488,-1488
-62,24,1,1,-1488,-1488
-62,24,2,0,-1488,-1488
-62,24,2,1,-1488,-1488
-62,24,3,0,-1488,-1488
-62,24,3,1,-1488,-1488
-62,24,4,0,-1488,-1488
-62,24,4,1,-1488,-1488
-62,24,5,0,-1488,-1504
-62,24,5,1,-1488,-1472
-62,24,6,0,-1488,-1536
-62,24,6,1,-1488,-1472
78,67,0,0,5226,5226
78,67,0,1,5226,5226
78,67,1,0,5226,5226
78,67,1,1,5226,5226
78,67,2,0,5226,5224
78,67,2,1,5226,5228
78,67,3,0,5226,5224
78,67,3,1,5226,5224
78,67,4,0,5226,5216
78,67,4,1,5226,5232
78,67,5,0,5226,5216
78,67,5,1,5226,5216
78,67,6,0,5226,5184
78,67,6,1,5226,5248
55,28,0,0,1540,1540
55,28,0,1,1540,1540
55,28,1,0,1540,1540
55,28,1,1,1540,1540
55,28,2,0,1540,1540
55,28,2,1,1540,1540
55,28,3,0,1540,1536
55,28,3,1,1540,1544
55,28,4,0,1540,1536
55,28,4,1,1540,1536
55,28,5,0,1540,1536
55,28,5,1,1540,1536
55,28,6,0,1540,1536
55,28,6,1,1540,1536
-69,-81,0,0,5589,5589
-69,-81,0,1,5589,5589
-69,-81,1,0,5589,5588
-69,-81,1,1,5589,5590
-69,-81,2,0,5589,5588
-69,-81,2,1,5589,5588
-69,-81,3,0,5589,5584
-69,-81,3,1,5589,5592
-69,-81,4,0,5589,5584
-69,-81,4,1,5589,5584
-69,-81,5,0,5589,5568
-69,-81,5,1,5589,5600
-69,-81,6,0,5589,5568
-69,-81,6,1,5589,5568
-12,-74,0,0,888,888
-12,-74,0,1,888,888
-12,-74,1,0,888,888
-12,-74,1,1,888,888
-12,-74,2,0,888,888
-12,-74,2,1,888,888
-12,-74,3,0,888,888
-12,-74,3,1,888,888
-12,-74,4,0,888,880
-12,-74,4,1,888,896
-12,-74,5,0,888,864
-12,-74,5,1,888,896
-12,-74,6,0,888,832
-12,-74,6,1,888,896
58,26,0,0,1508,1508
58,26,0,1,1508,1508
58,26,1,0,1508,1508
58,26,1,1,1508,1508
58,26,2,0,1508,1508
58,26,2,1,1508,1508
58,26,3,0,1508,1504
58,26,3,1,1508,1512
58,26,4,0,1508,1504
58,26,4,1,1508,1504
58,26,5,0,1508,1504
58,26,5,1,1508,1504
58,26,6,0,1508,1472
58,26,6,1,1508,1536
-47,69,0,0,-3243,-3243
-47,69,0,1,-3243,-3243
-47,69,1,0,-3243,-3244
-47,69,1,1,-3243,-3242
-47,69,2,0,-3243,-3244
-47,69,2,1,-3243,-3244
-47,69,3,0,-3243,-3248
-47,69,3,1,-3243,-3240
-47,69,4,0,-3243,-3248
-47,69,4,1,-3243,-3248
-47,69,5,0,-3243,-3264
-47,69,5,1,-3243,-3232
-47,69,6,0,-3243,-3264
-47,69,6,1,-3243,-3264
-127,36,0,0,-4572,-4572
-127,36,0,1,-4572,-4572
-127,36,1,0,-4572,-4572
-127,36,1,1,-4572,-4572
-127,36,2,0,-4572,-4572
-127,36,2,1,-4572,-4572
-127,36,3,0,-4572,-4576
-127,36,3,1,-4572,-4568
-127,36,4,0,-4572,-4576
-127,36,4,1,-4572,-4576
-127,36,5,0,-4572,-4576
-127,36,5,1,-4572,-4576
-127,36,6,0,-4572,-4608
-127,36,6,1,-4572,-4544
126,2,0,0,252,252
126,2,0,1,252,252
126,2,1,0,252,252
126,2,1,1,252,252
126,2,2,0,252,252
126,2,2,1,252,252
126,2,3,0,252,248
126,2,3,1,252,256
126,2,4,0,252,240
126,2,4,1,252,256
126,2,5,0,252,224
126,2,5,1,252,256
126,2,6,0,252,192
126,2,6,1,252,256
45,121,0,0,5445,5445
45,121,0,1,5445,5445
45,121,1,0,5445,5444
45,121,1,1,5445,5446
45,121,2,0,5445,5444
45,121,2,1,5445,5444
45,121,3,0,5445,5440
45,121,3,1,5445,5448
45,121,4,0,5445,5440
45,121,4,1,5445,5440
45,121,5,0,5445,5440
45,121,5,1,5445,5440
45,121,6,0,5445,5440
45,121,6,1,5445,5440
-52,-125,0,0,6500,6500
-52,-125,0,1,6500,6500
-52,-125,1,0,6500,6500
-52,-125,1,1,6500,6500
-52,-125,2,0,6500,6500
-52,-125,2,1,6500,6500
-52,-125,3,0,6500,6496
-52,-125,3,1,6500,6504
-52,-125,4,0,6500,6496
-52,-125,4,1,6500,6496
-52,-125,5,0,6500,6496
-52,-125,5,1,6500,6496
-52,-125,6,0,6500,6464
-52,-125,6,1,6500,6528
35,99,0,0,3465,3465
35,99,0,1,3465,3465
35,99,1,0,3465,3464
35,99,1,1,3465,3466
35,99,2,0,3465,3464
35,99,2,1,3465,3464
35,99,3,0,3465,3464
35,99,3,1,3465,3464
35,99,4,0,3465,3456
35,99,4,1,3465,3472
35,99,5,0,3465,3456
35,99,5,1,3465,3456
35,99,6,0,3465,3456
35,99,6,1,3465,3456
-92,22,0,0,-2024,-2024
-92,22,0,1,-2024,-2024
-92,22,1,0,-2024,-2024
-92,22,1,1,-2024,-2024
-92,22,2,0,-2024,-2024
-92,22,2,1,-2024,-2024
-92,22,3,0,-2024,-2024
-92,22,3,1,-2024,-2024
-92,22,4,0,-2024,-2032
-92,22,4,1,-2024,-2016
-92,22,5,0,-2024,-2048
-92,22,5,1,-2024,-2016
-92,22,6,0,-2024,-2048
-92,22,6,1,-2024,-2048
51,24,0,0,1224,1224
51,24,0,1,1224,1224
51,24,1,0,1224,1224
51,24,1,1,1224,1224
51,24,2,0,1224,1224
51,24,2,1,1224,1224
51,24,3,0,1224,1224
51,24,3,1,1224,1224
51,24,4,0,1224,1216
51,24,4,1,1224,1232
51,24,5,0,1224,1216
51,24,5,1,1224,1216
51,24,6,0,1224,1216
51,24,6,1,1224,1216
-124,112,0,0,-13888,-13888
-124,112,0,1,-13888,-13888
-124,112,1,0,-13888,-13888
-124,112,1,1,-13888,-13888
-124,112,2,0,-13888,-13888
-124,112,2,1,-13888,-13888
-124,112,3,0,-13888,-13888
-124,112,3,1,-13888,-13888
-124,112,4,0,-13888,-13888
-124,112,4,1,-13888,-13888
-124,112,5,0,-13888,-13888
-124,112,5,1,-13888,-13888
-124,112,6,0,-13888,-13888
-124,112,6,1,-13888,-13888
2,95,0,0,190,190
2,95,0,1,190,190
2,95,1,0,190,190
2,95,1,1,190,190
2,95,2,0,190,188
2,95,2,1,190,192
2,95,3,0,190,184
2,95,3,1,190,192
2,95,4,0,190,176
2,95,4,1,190,192
2,95,5,0,190,160
2,95,5,1,190,192
2,95,6,0,190,128
2,95,6,1,190,192
121,8,0,0,968,968
121,8,0,1,968,968
121,8,1,0,968,968
121,8,1,1,968,968
121,8,2,0,968,968
121,8,2,1,968,968
121,8,3,0,968,968
121,8,3,1,968,968
121,8,4,0,968,960
121,8,4,1,968,976
121,8,5,0,968,960
121,8,5,1,968,960
121,8,6,0,968,960
121,8,6,1,968,960
-46,-107,0,0,4922,4922
-46,-107,0,1,4922,4922
-46,-107,1,0,4922,4922
-46,-107,1,1,4922,4922
-46,-107,2,0,4922,4920
-46,-107,2,1,4922,4924
-46,-107,3,0,4922,4920
-46,-107,3,1,4922,4920
-46,-107,4,0,4922,4912
-46,-107,4,1,4922,4928
-46,-107,5,0,4922,4896
-46,-107,5,1,4922,4928
-46,-107,6,0,4922,4864
-46,-107,6,1,4922,4928
26,60,0,0,1560,1560
26,60,0,1,1560,1560
26,60,1,0,1560,1560
26,60,1,1,1560,1560
26,60,2,0,1560,1560
26,60,2,1,1560,1560
26,60,3,0,1560,1560
26,60,3,1,1560,1560
26,60,4,0,1560,1552
26,60,4,1,1560,1568
26,60,5,0,1560,1536
26,60,5,1,1560,1568
26,60,6,0,1560,1536
26,60,6,1,1560,1536
-113,-116,0,0,13108,13108
-113,-116,0,1,13108,13108
-113,-116,1,0,13108,13108
-113,-116,1,1,13108,13108
-113,-116,2,0,13108,13108
-113,-116,2,1,13108,13108
-113,-116,3,0,13108,13104
-113,-116,3,1,13108,13112
-113,-116,4,0,13108,13104
-113,-116,4,1,13108,13104
-113,-116,5,0,13108,13088
-113,-116,5,1,13108,13120
-113,-116,6,0,13108,13056
-113,-116,6,1,13108,13120
123,25,0,0,3075,3075
123,25,0,1,3075,3075
123,25,1,0,3075,3074
123,25,1,1,3075,3076
123,25,2,0,3075,3072
123,25,2,1,3075,3076
123,25,3,0,3075,3072
123,25,3,1,3075,3072
123,25,4,0,3075,3072
123,25,4,1,3075,3072
123,25,5,0,3075,3072
123,25,5,1,3075,3072
123,25,6,0,3075,3072
123,25,6,1,3075,3072
10,109,0,0,1090,1090
10,109,0,1,1090,1090
10,109,1,0,1090,1090
10,109,1,1,1090,1090
10,109,2,0,1090,1088
10,109,2,1,1090,1092
10,109,3,0,1090,1088
10,109,3,1,1090,1088
10,109,4,0,1090,1088
10,109,4,1,1090,1088
10,109,5,0,1090,1088
10,109,5,1,1090,1088
10,109,6,0,1090,1088
10,109,6,1,1090,1088
56,0,0,0,0,0
56,0,0,1,0,0
56,0,1,0,0,0
56,0,1,1,0,0
56,0,2,0,0,0
56,0,2,1,0,0
56,0,3,0,0,0
56,0,3,1,0,0
56,0,4,0,0,0
56,0,4,1,0,0
56,0,5,0,0,0
56,0,5,1,0,0
56,0,6,0,0,0
56,0,6,1,0,0
-56,53,0,0,-2968,-2968
-56,53,0,1,-2968,-2968
-56,53,1,0,-2968,-2968
-56,53,1,1,-2968,-2968
-56,53,2,0,-2968,-2968
-56,53,2,1,-2968,-2968
-56,53,3,0,-2968,-2968
-56,53,3,1,-2968,-2968
-56,53,4,0,-2968,-2976
-56,53,4,1,-2968,-2960
-56,53,5,0,-2968,-2976
-56,53,5,1,-2968,-2976
-56,53,6,0,-2968,-3008
-56,53,6,1,-2968,-2944
101,-77,0,0,-7777,-7777
101,-77,0,1,-7777,-7777
101,-77,1,0,-7777,-7778
101,-77,1,1,-7777,-7776
101,-77,2,0,-7777,-7780
101,-77,2,1,-7777,-7776
101,-77,3,0,-7777,-7784
101,-77,3,1,-7777,-7776
101,-77,4,0,-7777,-7792
101,-77,4,1,-7777,-7776
101,-77,5,0,-7777,-7808
101,-77,5,1,-7777,-7776
101,-77,6,0,-7777,-7808
101,-77,6,1,-7777,-7808
-42,127,0,0,-5334,-5334
-42,127,0,1,-5334,-5334
-42,127,1,0,-5334,-5334
-42,127,1,1,-5334,-5334
-42,127,2,0,-5334,-5336
-42,127,2,1,-5334,-5332
-42,127,3,0,-5334,-5336
-42,127,3,1,-5334,-5336
-42,127,4,0,-5334,-5344
-42,127,4,1,-5334,-5328
-42,127,5,0,-5334,-5344
-42,127,5,1,-5334,-5344
-42,127,6,0,-5334,-5376
-42,127,6,1,-5334,-5312
-94,22,0,0,-2068,-2068
-94,22,0,1,-2068,-2068
-94,22,1,0,-2068,-2068
-94,22,1,1,-2068,-2068
-94,22,2,0,-2068,-2068
-94,22,2,1,-2068,-2068
-94,22,3,0,-2068,-2072
-94,22,3,1,-2068,-2064
-94,22,4,0,-2068,-2080
-94,22,4,1,-2068,-2064
-94,22,5,0,-2068,-2080
-94,22,5,1,-2068,-2080
-94,22,6,0,-2068,-2112
-94,22,6,1,-2068,-2048
50,68,0,0,3400,3400
50,68,0,1,3400,3400
50,68,1,0,3400,3400
50,68,1,1,3400,3400
50,68,2,0,3400,3400
50,68,2,1,3400,3400
50,68,3,0,3400,3400
50,68,3,1,3400,3400
50,68,4,0,3400,3392
50,68,4,1,3400,3408
50,68,5,0,3400,3392
50,68,5,1,3400,3392
50,68,6,0,3400,3392
50,68,6,1,3400,3392
94,8,0,0,752,752
94,8,0,1,752,752
94,8,1,0,752,752
94,8,1,1,752,752
94,8,2,0,752,752
94,8,2,1,752,752
94,8,3,0,752,752
94,8,3,1,752,752
94,8,4,0,752,752
94,8,4,1,752,752
94,8,5,0,752,736
94,8,5,1,752,768
94,8,6,0,752,704
94,8,6,1,752,768
-17,-75,0,0,1275,1275
-17,-75,0,1,1275,1275
-17,-75,1,0,1275,1274
-17,-75,1,1,1275,1276
-17,-75,2,0,1275,1272
-17,-75,2,1,1275,1276
-17,-75,3,0,1275,1272
-17,-75,3,1,1275,1272
-17,-75,4,0,1275,1264
-17,-75,4,1,1275,1280
-17,-75,5,0,1275,1248
-17,-75,5,1,1275,1280
-17,-75,6,0,1275,1216
-17,-75,6,1,1275,1280
-88,-3,0,0,264,264
-88,-3,0,1,264,264
-88,-3,1,0,264,264
-88,-3,1,1,264,264
-88,-3,2,0,264,264
-88,-3,2,1,264,264
-88,-3,3,0,264,264
-88,-3,3,1,264,264
-88,-3,4,0,264,256
-88,-3,4,1,264,272
-88,-3,5,0,264,256
-88,-3,5,1,264,256
-88,-3,6,0,264,256
-88,-3,6,1,264,256
-7,-120,0,0,840,840
-7,-120,0,1,840,840
-7,-120,1,0,840,840
-7,-120,1,1,840,840
-7,-120,2,0,840,840
-7,-120,2,1,840,840
-7,-120,3,0,840,840
-7,-120,3,1,840,840
-7,-120,4,0,840,832
-7,-120,4,1,840,848
-7,-120,5,0,840,832
-7,-120,5,1,840,832
-7,-120,6,0,840,832
-7,-120,6,1,840,832
-83,-36,0,0,2988,2988
-83,-36,0,1,2988,2988
-83,-36,1,0,2988,2988
-83,-36,1,1,2988,2988
-83,-36,2,0,2988,2988
-83,-36,2,1,2988,2988
-83,-36,3,0,2988,2984
-83,-36,3,1,2988,2992
-83,-36,4,0,2988,2976
-83,-36,4,1,2988,2992
-83,-36,5,0,2988,2976
-83,-36,5,1,2988,2976
-83,-36,6,0,2988,2944
-83,-36,6,1,2988,3008
-78,111,0,0,-8658,-8658
-78,111,0,1,-8658,-8658
-78,111,1,0,-8658,-8658
-78,111,1,1,-8658,-8658
-78,111,2,0,-8658,-8660
-78,111,2,1,-8658,-8656
-78,111,3,0,-8658,-8664
-78,111,3,1,-8658,-8656
-78,111,4,0,-8658,-8672
-78,111,4,1,-8658,-8656
-78,111,5,0,-8658,-8672
-78,111,5,1,-8658,-8672
-78,111,6,0,-8658,-8704
-78,111,6,1,-8658,-8640
-16,-31,0,0,496,496
-16,-31,0,1,496,496
-16,-31,1,0,496,496
-16,-31,1,1,496,496
-16,-31,2,0,496,496
-16,-31,2,1,496,496
-16,-31,3,0,496,496
-16,-31,3,1,496,496
-16,-31,4,0,496,496
-16,-31,4,1,496,496
-16,-31,5,0,496,480
-16,-31,5,1,496,512
-16,-31,6,0,496,448
-16,-31,6,1,496,512
-119,96,0,0,-11424,-11424
-119,96,0,1,-11424,-11424
-119,96,1,0,-11424,-11424
-119,96,1,1,-11424,-11424
-119,96,2,0,-11424,-11424
-119,96,2,1,-11424,-11424
-119,96,3,0,-11424,-11424
-119,96,3,1,-11424,-11424
-119,96,4,0,-11424,-11424
-119,96,4,1,-11424,-11424
-119,96,5,0,-11424,-11424
-119,96,5,1,-11424,-11424
-119,96,6,0,-11424,-11456
-119,96,6,1,-11424,-11392
113,74,0,0,8362,8362
113,74,0,1,8362,8362
113,74,1,0,8362,8362
113,74,1,1,8362,8362
113,74,2,0,8362,8360
113,74,2,1,8362,8364
113,74,3,0,8362,8360
113,74,3,1,8362,8360
113,74,4,0,8362,8352
113,74,4,1,8362,8368
113,74,5,0,8362,8352
113,74,5,1,8362,8352
113,74,6,0,8362,8320
113,74,6,1,8362,8384
121,-119,0,0,-14399,-14399
121,-119,0,1,-14399,-14399
121,-119,1,0,-14399,-14400
121,-119,1,1,-14399,-14398
121,-119,2,0,-14399,-14400
121,-119,2,1,-14399,-14400
121,-119,3,0,-14399,-14400
121,-119,3,1,-14399,-14400
121,-119,4,0,-14399,-14400
121,-119,4,1,-14399,-14400
121,-119,5,0,-14399,-14400
121,-119,5,1,-14399,-14400
121,-119,6,0,-14399,-14400
121,-119,6,1,-14399,-14400
113,19,0,0,2147,2147
113,19,0,1,2147,2147
113,19,1,0,2147,2146
113,19,1,1,2147,2148
113,19,2,0,2147,2144
113,19,2,1,2147,2148
113,19,3,0,2147,2144
113,19,3,1,2147,2144
113,19,4,0,2147,2144
113,19,4,1,2147,2144
113,19,5,0,2147,2144
113,19,5,1,2147,2144
113,19,6,0,2147,2112
113,19,6,1,2147,2176
-4,-64,0,0,256,256
-4,-64,0,1,256,256
-4,-64,1,0,256,256
-4,-64,1,1,256,256
-4,-64,2,0,256,256
-4,-64,2,1,256,256
-4,-64,3,0,256,256
-4,-64,3,1,256,256
-4,-64,4,0,256,256
-4,-64,4,1,256,256
-4,-64,5,0,256,256
-4,-64,5,1,256,256
-4,-64,6,0,256,256
-4,-64,6,1,256,256
10,34,0,0,340,340
10,34,0,1,340,340
10,34,1,0,340,340
10,34,1,1,340,340
10,34,2,0,340,340
10,34,2,1,340,340
10,34,3,0,340,336
10,34,3,1,340,344
10,34,4,0,340,336
10,34,4,1,340,336
10,34,5,0,340,320
10,34,5,1,340,352
10,34,6,0,340,320
10,34,6,1,340,320
-23,91,0,0,-2093,-2093
-23,91,0,1,-2093,-2093
-23,91,1,0,-2093,-2094
-23,91,1,1,-2093,-2092
-23,91,2,0,-2093,-2096
-23,91,2,1,-2093,-2092
-23,91,3,0,-2093,-2096
-23,91,3,1,-2093,-2096
-23,91,4,0,-2093,-2096
-23,91,4,1,-2093,-2096
-23,91,5,0,-2093,-2112
-23,91,5,1,-2093,-2080
-23,91,6,0,-2093,-2112
-23,91,6,1,-2093,-2112
48,-11,0,0,-528,-528
48,-11,0,1,-528,-528
48,-11,1,0,-528,-528
48,-11,1,1,-528,-528
48,-11,2,0,-528,-528
48,-11,2,1,-528,-528
48,-11,3,0,-528,-528
48,-11,3,1,-528,-528
48,-11,4,0,-528,-528
48,-11,4,1,-528,-528
48,-11,5,0,-528,-544
48,-11,5,1,-528,-512
48,-11,6,0,-528,-576
48,-11,6,1,-528,-512
-53,-20,0,0,1060,1060
-53,-20,0,1,1060,1060
-53,-20,1,0,1060,1060
-53,-20,1,1,1060,1060
-53,-20,2,0,1060,1060
-53,-20,2,1,1060,1060
-53,-20,3,0,1060,1056
-53,-20,3,1,1060,1064
-53,-20,4,0,1060,1056
-53,-20,4,1,1060,1056
-53,-20,5,0,1060,1056
-53,-20,5,1,1060,1056
-53,-20,6,0,1060,1024
-53,-20,6,1,1060,1088
-69,-98,0,0,6762,6762
-69,-98,0,1,6762,6762
-69,-98,1,0,6762,6762
-69,-98,1,1,6762,6762
-69,-98,2,0,6762,6760
-69,-98,2,1,6762,6764
-69,-98,3,0,6762,6760
-69,-98,3,1,6762,6760
-69,-98,4,0,6762,6752
-69,-98,4,1,6762,6768
-69,-98,5,0,6762,6752
-69,-98,5,1,6762,6752
-69,-98,6,0,6762,6720
-69,-98,6,1,6762,6784
34,105,0,0,3570,3570
34,105,0,1,3570,3570
34,105,1,0,3570,3570
34,105,1,1,3570,3570
34,105,2,0,3570,3568
34,105,2,1,3570,3572
34,105,3,0,3570,3568
34,105,3,1,3570,3568
34,105,4,0,3570,3568
34,105,4,1,3570,3568
34,105,5,0,3570,3552
34,105,5,1,3570,3584
34,105,6,0,3570,3520
34,105,6,1,3570,3584
43,-49,0,0,-2107,-2107
43,-49,0,1,-2107,-2107
43,-49,1,0,-2107,-2108
43,-49,1,1,-2107,-2106
43,-49,2,0,-2107,-2108
43,-49,2,1,-2107,-2108
43,-49,3,0,-2107,-2112
43,-49,3,1,-2107,-2104
43,-49,4,0,-2107,-2112
43,-49,4,1,-2107,-2112
43,-49,5,0,-2107,-2112
43,-49,5,1,-2107,-2112
43,-49,6,0,-2107,-2112
43,-49,6,1,-2107,-2112
104,9,0,0,936,936
104,9,0,1,936,936
104,9,1,0,936,936
104,9,1,1,936,936
104,9,2,0,936,936
104,9,2,1,936,936
104,9,3,0,936,936
104,9,3,1,936,936
104,9,4,0,936,928
104,9,4,1,936,944
104,9,5,0,936,928
104,9,5,1,936,928
104,9,6,0,936,896
104,9,6,1,936,960
41,101,0,0,4141,4141
41,101,0,1,4141,4141
41,101,1,0,4141,4140
41,101,1,1,4141,4142
41,101,2,0,4141,4140
41,101,2,1,4141,4140
41,101,3,0,4141,4136
41,101,3,1,4141,4144
41,101,4,0,4141,4128
41,101,4,1,4141,4144
41,101,5,0,4141,4128
41,101,5,1,4141,4128
41,101,6,0,4141,4096
41,101,6,1,4141,4160
21,-98,0,0,-2058,-2058
21,-98,0,1,-2058,-2058
21,-98,1,0,-2058,-2058
21,-98,1,1,-2058,-2058
21,-98,2,0,-2058,-2060
21,-98,2,1,-2058,-2056
21,-98,3,0,-2058,-2064
21,-98,3,1,-2058,-2056
21,-98,4,0,-2058,-2064
21,-98,4,1,-2058,-2064
21,-98,5,0,-2058,-2080
21,-98,5,1,-2058,-2048
21,-98,6,0,-2058,-2112
21,-98,6,1,-2058,-2048
51,109,0,0,5559,5559
51,109,0,1,5559,5559
51,109,1,0,5559,5558
51,109,1,1,5559,5560
51,109,2,0,5559,5556
51,109,2,1,5559,5560
51,109,3,0,5559,5552
51,109,3,1,5559,5560
51,109,4,0,5559,5552
51,109,4,1,5559,5552
51,109,5,0,5559,5536
51,109,5,1,5559,5568
51,109,6,0,5559,5504
51,109,6,1,5559,5568
83,-37,0,0,-3071,-3071
83,-37,0,1,-3071,-3071
83,-37,1,0,-3071,-3072
83,-37,1,1,-3071,-3070
83,-37,2,0,-3071,-3072
83,-37,2,1,-3071,-3072
83,-37,3,0,-3071,-3072
83,-37,3,1,-3071,-3072
83,-37,4,0,-3071,-3072
83,-37,4,1,-3071,-3072
83,-37,5,0,-3071,-3072
83,-37,5,1,-3071,-3072
83,-37,6,0,-3071,-3072
83,-37,6,1,-3071,-3072
75,87,0,0,6525,6525
75,87,0,1,6525,6525
75,87,1,0,6525,6524
75,87,1,1,6525,6526
75,87,2,0,6525,6524
75,87,2,1,6525,6524
75,87,3,0,6525,6520
75,87,3,1,6525,6528
75,87,4,0,6525,6512
75,87,4,1,6525,6528
75,87,5,0,6525,6496
75,87,5,1,6525,6528
75,87,6,0,6525,6464
75,87,6,1,6525,6528
61,43,0,0,2623,2623
61,43,0,1,2623,2623
61,43,1,0,2623,2622
61,43,1,1,2623,2624
61,43,2,0,2623,2620
61,43,2,1,2623,2624
61,43,3,0,2623,2616
61,43,3,1,2623,2624
61,43,4,0,2623,2608
61,43,4,1,2623,2624
61,43,5,0,2623,2592
61,43,5,1,2623,2624
61,43,6,0,2623,2560
61,43,6,1,2623,2624
61,-36,0,0,-2196,-2196
61,-36,0,1,-2196,-2196
61,-36,1,0,-2196,-2196
61,-36,1,1,-2196,-2196
61,-36,2,0,-2196,-2196
61,-36,2,1,-2196,-2196
61,-36,3,0,-2196,-2200
61,-36,3,1,-2196,-2192
61,-36,4,0,-2196,-2208
61,-36,4,1,-2196,-2192
61,-36,5,0,-2196,-2208
61,-36,5,1,-2196,-2208
61,-36,6,0,-2196,-2240
61,-36,6,1,-2196,-2176
61,113,0,0,6893,6893
61,113,0,1,6893,6893
61,113,1,0,6893,6892
61,113,1,1,6893,6894
61,113,2,0,6893,6892
61,113,2,1,6893,6892
61,113,3,0,6893,6888
61,113,3,1,6893,6896
61,113,4,0,6893,6880
61,113,4,1,6893,6896
61,113,5,0,6893,6880
61,113,5,1,6893,6880
61,113,6,0,6893,6848
61,113,6,1,6893,6912
37,-70,0,0,-2590,-2590
37,-70,0,1,-2590,-2590
37,-70,1,0,-2590,-2590
37,-70,1,1,-2590,-2590
37,-70,2,0,-2590,-2592
37,-70,2,1,-2590,-2588
37,-70,3,0,-2590,-2592
37,-70,3,1,-2590,-2592
37,-70,4,0,-2590,-2592
37,-70,4,1,-2590,-2592
37,-70,5,0,-2590,-2592
37,-70,5,1,-2590,-2592
37,-70,6,0,-2590,-2624
37,-70,6,1,-2590,-2560
-103,3,0,0,-309,-309
-103,3,0,1,-309,-309
-103,3,1,0,-309,-310
-103,3,1,1,-309,-308
-103,3,2,0,-309,-312
-103,3,2,1,-309,-308
-103,3,3,0,-309,-312
-103,3,3,1,-309,-312
-103,3,4,0,-309,-320
-103,3,4,1,-309,-304
-103,3,5,0,-309,-320
-103,3,5,1,-309,-320
-103,3,6,0,-309,-320
-103,3,6,1,-309,-320
78,-55,0,0,-4290,-4290
78,-55,0,1,-4290,-4290
78,-55,1,0,-4290,-4290
78,-55,1,1,-4290,-4290
78,-55,2,0,-4290,-4292
78,-55,2,1,-4290,-4288
78,-55,3,0,-4290,-4296
78,-55,3,1,-4290,-4288
78,-55,4,0,-4290,-4304
78,-55,4,1,-4290,-4288
78,-55,5,0,-4290,-4320
78,-55,5,1,-4290,-4288
78,-55,6,0,-4290,-4352
78,-55,6,1,-4290,-4288
98,100,0,0,9800,9800
98,100,0,1,9800,9800
98,100,1,0,9800,9800
98,100,1,1,9800,9800
98,100,2,0,9800,9800
98,100,2,1,9800,9800
98,100,3,0,9800,9800
98,100,3,1,9800,9800
98,100,4,0,9800,9792
98,100,4,1,9800,9808
98,100,5,0,9800,9792
98,100,5,1,9800,9792
98,100,6,0,9800,9792
98,100,6,1,9800,9792
-19,9,0,0,-171,-171
-19,9,0,1,-171,-171
-19,9,1,0,-171,-172
-19,9,1,1,-171,-170
-19,9,2,0,-171,-172
-19,9,2,1,-171,-172
-19,9,3,0,-171,-176
-19,9,3,1,-171,-168
-19,9,4,0,-171,-176
-19,9,4,1,-171,-176
-19,9,5,0,-171,-192
-19,9,5,1,-171,-160
-19,9,6,0,-171,-192
-19,9,6,1,-171,-192
-67,-28,0,0,1876,1876
-67,-28,0,1,1876,1876
-67,-28,1,0,1876,1876
-67,-28,1,1,1876,1876
-67,-28,2,0,1876,1876
-67,-28,2,1,1876,1876
-67,-28,3,0,1876,1872
-67,-28,3,1,1876,1880
-67,-28,4,0,1876,1872
-67,-28,4,1,1876,1872
-67,-28,5,0,1876,1856
-67,-28,5,1,1876,1888
-67,-28,6,0,1876,1856
-67,-28,6,1,1876,1856
92,10,0,0,920,920
92,10,0,1,920,920
92,10,1,0,920,920
92,10,1,1,920,920
92,10,2,0,920,920
92,10,2,1,920,920
92,10,3,0,920,920
92,10,3,1,920,920
92,10,4,0,920,912
92,10,4,1,920,928
92,10,5,0,920,896
92,10,5,1,920,928
92,10,6,0,920,896
92,10,6,1,920,896
-7,99,0,0,-693,-693
-7,99,0,1,-693,-693
-7,99,1,0,-693,-694
-7,99,1,1,-693,-692
-7,99,2,0,-693,-696
-7,99,2,1,-693,-692
-7,99,3,0,-693,-696
-7,99,3,1,-693,-696
-7,99,4,0,-693,-704
-7,99,4,1,-693,-688
-7,99,5,0,-693,-704
-7,99,5,1,-693,-704
-7,99,6,0,-693,-704
-7,99,6,1,-693,-704
51,-123,0,0,-6273,-6273
51,-123,0,1,-6273,-6273
51,-123,1,0,-6273,-6274
51,-123,1,1,-6273,-6272
51,-123,2,0,-6273,-6276
51,-123,2,1,-6273,-6272
51,-123,3,0,-6273,-6280
51,-123,3,1,-6273,-6272
51,-123,4,0,-6273,-6288
51,-123,4,1,-6273,-6272
51,-123,5,0,-6273,-6304
51,-123,5,1,-6273,-6272
51,-123,6,0,-6273,-6336
51,-123,6,1,-6273,-6272
-87,-82,0,0,7134,7134
-87,-82,0,1,7134,7134
-87,-82,1,0,7134,7134
-87,-82,1,1,7134,7134
-87,-82,2,0,7134,7132
-87,-82,2,1,7134,7136
-87,-82,3,0,7134,7128
-87,-82,3,1,7134,7136
-87,-82,4,0,7134,7120
-87,-82,4,1,7134,7136
-87,-82,5,0,7134,7104
-87,-82,5,1,7134,7136
-87,-82,6,0,7134,7104
-87,-82,6,1,7134,7104
-4,-15,0,0,60,60
-4,-15,0,1,60,60
-4,-15,1,0,60,60
-4,-15,1,1,60,60
-4,-15,2,0,60,60
-4,-15,2,1,60,60
-4,-15,3,0,60,56
-4,-15,3,1,60,64
-4,-15,4,0,60,48
-4,-15,4,1,60,64
-4,-15,5,0,60,32
-4,-15,5,1,60,64
-4,-15,6,0,60,0
-4,-15,6,1,60,64
103,13,0,0,1339,1339
103,13,0,1,1339,1339
103,13,1,0,1339,1338
103,13,1,1,1339,1340
103,13,2,0,1339,1336
103,13,2,1,1339,1340
103,13,3,0,1339,1336
103,13,3,1,1339,1336
103,13,4,0,1339,1328
103,13,4,1,1339,1344
103,13,5,0,1339,1312
103,13,5,1,1339,1344
103,13,6,0,1339,1280
103,13,6,1,1339,1344
64,109,0,0,6976,6976
64,109,0,1,6976,6976
64,109,1,0,6976,6976
64,109,1,1,6976,6976
64,109,2,0,6976,6976
64,109,2,1,6976,6976
64,109,3,0,6976,6976
64,109,3,1,6976,6976
64,109,4,0,6976,6976
64,109,4,1,6976,6976
64,109,5,0,6976,6976
64,109,5,1,6976,6976
64,109,6,0,6976,6976
64,109,6,1,6976,6976
-54,-17,0,0,918,918
-54,-17,0,1,918,918
-54,-17,1,0,918,918
-54,-17,1,1,918,918
-54,-17,2,0,918,916
-54,-17,2,1,918,920
-54,-17,3,0,918,912
-54,-17,3,1,918,920
-54,-17,4,0,918,912
-54,-17,4,1,918,912
-54,-17,5,0,918,896
-54,-17,5,1,918,928
-54,-17,6,0,918,896
-54,-17,6,1,918,896
-91,114,0,0,-10374,-10374
-91,114,0,1,-10374,-10374
-91,114,1,0,-10374,-10374
-91,114,1,1,-10374,-10374
-91,114,2,0,-10374,-10376
-91,114,2,1,-10374,-10372
-91,114,3,0,-10374,-10376
-91,114,3,1,-10374,-10376
-91,114,4,0,-10374,-10384
-91,114,4,1,-10374,-10368
-91,114,5,0,-10374,-10400
-91,114,5,1,-10374,-10368
-91,114,6,0,-10374,-10432
-91,114,6,1,-10374,-10368
-93,109,0,0,-10137,-10137
-93,109,0,1,-10137,-10137
-93,109,1,0,-10137,-10138
-93,109,1,1,-10137,-10136
-93,109,2,0,-10137,-10140
-93,109,2,1,-10137,-10136
-93,109,3,0,-10137,-10144
-93,109,3,1,-10137,-10136
-93,109,4,0,-10137,-10144
-93,109,4,1,-10137,-10144
-93,109,5,0,-10137,-10144
-93,109,5,1,-10137,-10144
-93,109,6,0,-10137,-10176
-93,109,6,1,-10137,-10112
-13,6,0,0,-78,-78
-13,6,0,1,-78,-78
-13,6,1,0,-78,-78
-13,6,1,1,-78,-78
-13,6,2,0,-78,-80
-13,6,2,1,-78,-76
-13,6,3,0,-78,-80
-13,6,3,1,-78,-80
-13,6,4,0,-78,-80
-13,6,4,1,-78,-80
-13,6,5,0,-78,-96
-13,6,5,1,-78,-64
-13,6,6,0,-78,-128
-13,6,6,1,-78,-64
15,-10,0,0,-150,-150
15,-10,0,1,-150,-150
15,-10,1,0,-150,-150
15,-10,1,1,-150,-150
15,-10,2,0,-150,-152
15,-10,2,1,-150,-148
15,-10,3,0,-150,-152
15,-10,3,1,-150,-152
15,-10,4,0,-150,-160
15,-10,4,1,-150,-144
15,-10,5,0,-150,-160
15,-10,5,1,-150,-160
15,-10,6,0,-150,-192
15,-10,6,1,-150,-128
122,34,0,0,4148,4148
122,34,0,1,4148,4148
122,34,1,0,4148,4148
122,34,1,1,4148,4148
122,34,2,0,4148,4148
122,34,2,1,4148,4148
122,34,3,0,4148,4144
122,34,3,1,4148,4152
122,34,4,0,4148,4144
122,34,4,1,4148,4144
122,34,5,0,4148,4128
122,34,5,1,4148,4160
122,34,6,0,4148,4096
122,34,6,1,4148,4160
14,-93,0,0,-1302,-1302
14,-93,0,1,-1302,-1302
14,-93,1,0,-1302,-1302
14,-93,1,1,-1302,-1302
14,-93,2,0,-1302,-1304
14,-93,2,1,-1302,-1300
14,-93,3,0,-1302,-1304
14,-93,3,1,-1302,-1304
14,-93,4,0,-1302,-1312
14,-93,4,1,-1302,-1296
14,-93,5,0,-1302,-1312
14,-93,5,1,-1302,-1312
14,-93,6,0,-1302,-1344
14,-93,6,1,-1302,-1280
-30,-60,0,0,1800,1800
-30,-60,0,1,1800,1800
-30,-60,1,0,1800,1800
-30,-60,1,1,1800,1800
-30,-60,2,0,1800,1800
-30,-60,2,1,1800,1800
-30,-60,3,0,1800,1800
-30,-60,3,1,1800,1800
-30,-60,4,0,1800,1792
-30,-60,4,1,1800,1808
-30,-60,5,0,1800,1792
-30,-60,5,1,1800,1792
-30,-60,6,0,1800,1792
-30,-60,6,1,1800,1792
98,105,0,0,10290,10290
98,105,0,1,10290,10290
98,105,1,0,10290,10290
98,105,1,1,10290,10290
98,105,2,0,10290,10288
98,105,2,1,10290,10292
98,105,3,0,10290,10288
98,105,3,1,10290,10288
98,105,4,0,10290,10288
98,105,4,1,10290,10288
98,105,5,0,10290,10272
98,105,5,1,10290,10304
98,105,6,0,10290,10240
98,105,6,1,10290,10304
5,-60,0,0,-300,-300
5,-60,0,1,-300,-300
5,-60,1,0,-300,-300
5,-60,1,1,-300,-300
5,-60,2,0,-300,-300
5,-60,2,1,-300,-300
5,-60,3,0,-300,-304
5,-60,3,1,-300,-296
5,-60,4,0,-300,-304
5,-60,4,1,-300,-304
5,-60,5,0,-300,-320
5,-60,5,1,-300,-288
5,-60,6,0,-300,-320
5,-60,6,1,-300,-320
-125,-102,0,0,12750,12750
-125,-102,0,1,12750,12750
-125,-102,1,0,12750,12750
-125,-102,1,1,12750,12750
-125,-102,2,0,12750,12748
-125,-102,2,1,12750,12752
-125,-102,3,0,12750,12744
-125,-102,3,1,12750,12752
-125,-102,4,0,12750,12736
-125,-102,4,1,12750,12752
-125,-102,5,0,12750,12736
-125,-102,5,1,12750,12736
-125,-102,6,0,12750,12736
-125,-102,6,1,12750,12736
3,72,0,0,216,216
3,72,0,1,216,216
3,72,1,0,216,216
3,72,1,1,216,216
3,72,2,0,216,216
3,72,2,1,216,216
3,72,3,0,216,216
3,72,3,1,216,216
3,72,4,0,216,208
3,72,4,1,216,224
3,72,5,0,216,192
3,72,5,1,216,224
3,72,6,0,216,192
3,72,6,1,216,192
-53,16,0,0,-848,-848
-53,16,0,1,-848,-848
-53,16,1,0,-848,-848
-53,16,1,1,-848,-848
-53,16,2,0,-848,-848
-53,16,2,1,-848,-848
-53,16,3,0,-848,-848
-53,16,3,1,-848,-848
-53,16,4,0,-848,-848
-53,16,4,1,-848,-848
-53,16,5,0,-848,-864
-53,16,5,1,-848,-832
-53,16,6,0,-848,-896
-53,16,6,1,-848,-832
87,81,0,0,7047,7047
87,81,0,1,7047,7047
87,81,1,0,7047,7046
87,81,1,1,7047,7048
87,81,2,0,7047,7044
87,81,2,1,7047,7048
87,81,3,0,7047,7040
87,81,3,1,7047,7048
87,81,4,0,7047,7040
87,81,4,1,7047,7040
87,81,5,0,7047,7040
87,81,5,1,7047,7040
87,81,6,0,7047,7040
87,81,6,1,7047,7040
-51,-21,0,0,1071,1071
-51,-21,0,1,1071,1071
-51,-21,1,0,1071,1070
-51,-21,1,1,1071,1072
-51,-21,2,0,1071,1068
-51,-21,2,1,1071,1072
-51,-21,3,0,1071,1064
-51,-21,3,1,1071,1072
-51,-21,4,0,1071,1056
-51,-21,4,1,1071,1072
-51,-21,5,0,1071,1056
-51,-21,5,1,1071,1056
-51,-21,6,0,1071,1024
-51,-21,6,1,1071,1088
-113,-80,0,0,9040,9040
-113,-80,0,1,9040,9040
-113,-80,1,0,9040,9040
-113,-80,1,1,9040,9040
-113,-80,2,0,9040,9040
-113,-80,2,1,9040,9040
-113,-80,3,0,9040,9040
-113,-80,3,1,9040,9040
-113,-80,4,0,9040,9040
-113,-80,4,1,9040,9040
-113,-80,5,0,9040,9024
-113,-80,5,1,9040,9056
-113,-80,6,0,9040,9024
-113,-80,6,1,9040,9024
-31,121,0,0,-3751,-3751
-31,121,0,1,-3751,-3751
-31,121,1,0,-3751,-3752
-31,121,1,1,-3751,-3750
-31,121,2,0,-3751,-3752
-31,121,2,1,-3751,-3752
-31,121,3,0,-3751,-3752
-31,121,3,1,-3751,-3752
-31,121,4,0,-3751,-3760
-31,121,4,1,-3751,-3744
-31,121,5,0,-3751,-3776
-31,121,5,1,-3751,-3744
-31,121,6,0,-3751,-3776
-31,121,6,1,-3751,-3776
102,-61,0,0,-6222,-6222
102,-61,0,1,-6222,-6222
102,-61,1,0,-6222,-6222
102,-61,1,1,-6222,-6222
102,-61,2,0,-6222,-6224
102,-61,2,1,-6222,-6220
102,-61,3,0,-6222,-6224
102,-61,3,1,-6222,-6224
102,-61,4,0,-6222,-6224
102,-61,4,1,-6222,-6224
102,-61,5,0,-6222,-6240
102,-61,5,1,-6222,-6208
102,-61,6,0,-6222,-6272
102,-61,6,1,-6222,-6208
-49,51,0,0,-2499,-2499
-49,51,0,1,-2499,-2499
-49,51,1,0,-2499,-2500
-49,51,1,1,-2499,-2498
-49,51,2,0,-2499,-2500
-49,51,2,1,-2499,-2500
-49,51,3,0,-2499,-2504
-49,51,3,1,-2499,-2496
-49,51,4,0,-2499,-2512
-49,51,4,1,-2499,-2496
-49,51,5,0,-2499,-2528
-49,51,5,1,-2499,-2496
-49,51,6,0,-2499,-2560
-49,51,6,1,-2499,-2496
-32,-57,0,0,1824,1824
-32,-57,0,1,1824,1824
-32,-57,1,0,1824,1824
-32,-57,1,1,1824,1824
-32,-57,2,0,1824,1824
-32,-57,2,1,1824,1824
-32,-57,3,0,1824,1824
-32,-57,3,1,1824,1824
-32,-57,4,0,1824,1824
-32,-57,4,1,1824,1824
-32,-57,5,0,1824,1824
-32,-57,5,1,1824,1824
-32,-57,6,0,1824,1792
-32,-57,6,1,1824,1856
50,-28,0,0,-1400,-1400
50,-28,0,1,-1400,-1400
50,-28,1,0,-1400,-1400
50,-28,1,1,-1400,-1400
50,-28,2,0,-1400,-1400
50,-28,2,1,-1400,-1400
50,-28,3,0,-1400,-1400
50,-28,3,1,-1400,-1400
50,-28,4,0,-1400,-1408
50,-28,4,1,-1400,-1392
50,-28,5,0,-1400,-1408
50,-28,5,1,-1400,-1408
50,-28,6,0,-1400,-1408
50,-28,6,1,-1400,-1408
-119,-9,0,0,1071,1071
-119,-9,0,1,1071,1071
-119,-9,1,0,1071,1070
-119,-9,1,1,1071,1072
-119,-9,2,0,1071,1068
-119,-9,2,1,1071,1072
-119,-9,3,0,1071,1064
-119,-9,3,1,1071,1072
-119,-9,4,0,1071,1056
-119,-9,4,1,1071,1072
-119,-9,5,0,1071,1056
-119,-9,5,1,1071,1056
-119,-9,6,0,1071,1024
-119,-9,6,1,1071,1088
17,67,0,0,1139,1139
17,67,0,1,1139,1139
17,67,1,0,1139,1138
17,67,1,1,1139,1140
17,67,2,0,1139,1136
17,67,2,1,1139,1140
17,67,3,0,1139,1136
17,67,3,1,1139,1136
17,67,4,0,1139,1136
17,67,4,1,1139,1136
17,67,5,0,1139,1120
17,67,5,1,1139,1152
17,67,6,0,1139,1088
17,67,6,1,1139,1152
21,57,0,0,1197,1197
21,57,0,1,1197,1197
21,57,1,0,1197,1196
21,57,1,1,1197,1198
21,57,2,0,1197,1196
21,57,2,1,1197,1196
21,57,3,0,1197,1192
21,57,3,1,1197,1200
21,57,4,0,1197,1184
21,57,4,1,1197,1200
21,57,5,0,1197,1184
21,57,5,1,1197,1184
21,57,6,0,1197,1152
21,57,6,1,1197,1216
-47,32,0,0,-1504,-1504
-47,32,0,1,-1504,-1504
-47,32,1,0,-1504,-1504
-47,32,1,1,-1504,-1504
-47,32,2,0,-1504,-1504
-47,32,2,1,-1504,-1504
-47,32,3,0,-1504,-1504
-47,32,3,1,-1504,-1504
-47,32,4,0,-1504,-1504
-47,32,4,1,-1504,-1504
-47,32,5,0,-1504,-1504
-47,32,5,1,-1504,-1504
-47,32,6,0,-1504,-1536
-47,32,6,1,-1504,-1472
-47,123,0,0,-5781,-5781
-47,123,0,1,-5781,-5781
-47,123,1,0,-5781,-5782
-47,123,1,1,-5781,-5780
-47,123,2,0,-5781,-5784
-47,123,2,1,-5781,-5780
-47,123,3,0,-5781,-5784
-47,123,3,1,-5781,-5784
-47,123,4,0,-5781,-5792
-47,123,4,1,-5781,-5776
-47,123,5,0,-5781,-5792
-47,123,5,1,-5781,-5792
-47,123,6,0,-5781,-5824
-47,123,6,1,-5781,-5760
-102,116,0,0,-11832,-11832
-102,116,0,1,-11832,-11832
-102,116,1,0,-11832,-11832
-102,116,1,1,-11832,-11832
-102,116,2,0,-11832,-11832
-102,116,2,1,-11832,-11832
-102,116,3,0,-11832,-11832
-102,116,3,1,-11832,-11832
-102,116,4,0,-11832,-11840
-102,116,4,1,-11832,-11824
-102,116,5,0,-11832,-11840
-102,116,5,1,-11832,-11840
-102,116,6,0,-11832,-11840
-102,116,6,1,-11832,-11840
47,119,0,0,5593,5593
47,119,0,1,5593,5593
47,119,1,0,5593,5592
47,119,1,1,5593,5594
47,119,2,0,5593,5592
47,119,2,1,5593,5592
47,119,3,0,5593,5592
47,119,3,1,5593,5592
47,119,4,0,5593,5584
47,119,4,1,5593,5600
47,119,5,0,5593,5568
47,119,5,1,5593,5600
47,119,6,0,5593,5568
47,119,6,1,5593,5568
11,102,0,0,1122,1122
11,102,0,1,1122,1122
11,102,1,0,1122,1122
11,102,1,1,1122,1122
11,102,2,0,1122,1120
11,102,2,1,1122,1124
11,102,3,0,1122,1120
11,102,3,1,1122,1120
11,102,4,0,1122,1120
11,102,4,1,1122,1120
11,102,5,0,1122,1120
11,102,5,1,1122,1120
11,102,6,0,1122,1088
11,102,6,1,1122,1152
82,-32,0,0,-2624,-2624
82,-32,0,1,-2624,-2624
82,-32,1,0,-2624,-2624
82,-32,1,1,-2624,-2624
82,-32,2,0,-2624,-2624
82,-32,2,1,-2624,-2624
82,-32,3,0,-2624,-2624
82,-32,3,1,-2624,-2624
82,-32,4,0,-2624,-2624
82,-32,4,1,-2624,-2624
82,-32,5,0,-2624,-2624
82,-32,5,1,-2624,-2624
82,-32,6,0,-2624,-2624
82,-32,6,1,-2624,-2624
5,-111,0,0,-555,-555
5,-111,0,1,-555,-555
5,-111,1,0,-555,-556
5,-111,1,1,-555,-554
5,-111,2,0,-555,-556
5,-111,2,1,-555,-556
5,-111,3,0,-555,-560
5,-111,3,1,-555,-552
5,-111,4,0,-555,-560
5,-111,4,1,-555,-560
5,-111,5,0,-555,-576
5,-111,5,1,-555,-544
5,-111,6,0,-555,-576
5,-111,6,1,-555,-576
-87,15,0,0,-1305,-1305
-87,15,0,1,-1305,-1305
-87,15,1,0,-1305,-1306
-87,15,1,1,-1305,-1304
-87,15,2,0,-1305,-1308
-87,15,2,1,-1305,-1304
-87,15,3,0,-1305,-1312
-87,15,3,1,-1305,-1304
-87,15,4,0,-1305,-1312
-87,15,4,1,-1305,-1312
-87,15,5,0,-1305,-1312
-87,15,5,1,-1305,-1312
-87,15,6,0,-1305,-1344
-87,15,6,1,-1305,-1280
125,-24,0,0,-3000,-3000
125,-24,0,1,-3000,-3000
125,-24,1,0,-3000,-3000
125,-24,1,1,-3000,-3000
125,-24,2,0,-3000,-3000
125,-24,2,1,-3000,-3000
125,-24,3,0,-3000,-3000
125,-24,3,1,-3000,-3000
125,-24,4,0,-3000,-3008
125,-24,4,1,-3000,-2992
125,-24,5,0,-3000,-3008
125,-24,5,1,-3000,-3008
125,-24,6,0,-3000,-3008
125,-24,6,1,-3000,-3008
46,-123,0,0,-5658,-5658
46,-123,0,1,-5658,-5658
46,-123,1,0,-5658,-5658
46,-123,1,1,-5658,-5658
46,-123,2,0,-5658,-5660
46,-123,2,1,-5658,-5656
46,-123,3,0,-5658,-5664
46,-123,3,1,-5658,-5656
46,-123,4,0,-5658,-5664
46,-123,4,1,-5658,-5664
46,-123,5,0,-5658,-5664
46,-123,5,1,-5658,-5664
46,-123,6,0,-5658,-5696
46,-123,6,1,-5658,-5632
-120,82,0,0,-9840,-9840
-120,82,0,1,-9840,-9840
-120,82,1,0,-9840,-9840
-120,82,1,1,-9840,-9840
-120,82,2,0,-9840,-9840
-120,82,2,1,-9840,-9840
-120,82,3,0,-9840,-9840
-120,82,3,1,-9840,-9840
-120,82,4,0,-9840,-9840
-120,82,4,1,-9840,-9840
-120,82,5,0,-9840,-9856
-120,82,5,1,-9840,-9824
-120,82,6,0,-9840,-9856
-120,82,6,1,-9840,-9856
